experiment,user,activity,activity_name,group,start,end,num_samples,duration_seconds,avg_distance_to_class,outlier_zscore,candidate_outlier
1,1,1,WALKING,Dynamic,7496,8078,582,11.64,7.559789,0.003854,False
1,1,1,WALKING,Dynamic,8356,9250,894,17.88,6.1752,-0.857891,False
1,1,1,WALKING,Dynamic,9657,10567,910,18.2,6.404493,-0.715183,False
1,1,1,WALKING,Dynamic,10750,11714,964,19.28,5.994398,-0.970419,False
2,1,1,WALKING,Dynamic,7624,8252,628,12.56,6.76146,-0.493013,False
2,1,1,WALKING,Dynamic,8618,9576,958,19.16,6.572461,-0.610643,False
2,1,1,WALKING,Dynamic,9991,10927,936,18.72,6.38902,-0.724813,False
2,1,1,WALKING,Dynamic,11311,12282,971,19.42,6.480827,-0.667674,False
3,2,1,WALKING,Dynamic,8434,9501,1067,21.34,6.966456,-0.365427,False
3,2,1,WALKING,Dynamic,9854,10926,1072,21.44,7.240481,-0.194878,False
4,2,1,WALKING,Dynamic,7306,8343,1037,20.74,6.854561,-0.435068,False
4,2,1,WALKING,Dynamic,8720,9686,966,19.32,6.472141,-0.67308,False
5,3,1,WALKING,Dynamic,8687,9837,1150,23.0,6.697373,-0.5329,False
5,3,1,WALKING,Dynamic,10240,11305,1065,21.3,6.466549,-0.676561,False
6,3,1,WALKING,Dynamic,8700,9666,966,19.32,6.008073,-0.961909,False
6,3,1,WALKING,Dynamic,10005,10940,935,18.7,6.162954,-0.865513,False
7,4,1,WALKING,Dynamic,8125,9269,1144,22.88,8.771268,0.757858,False
7,4,1,WALKING,Dynamic,9443,10483,1040,20.8,7.483812,-0.043433,False
8,4,1,WALKING,Dynamic,7873,8907,1034,20.68,9.471609,1.193739,False
8,4,1,WALKING,Dynamic,9045,10016,971,19.42,8.119422,0.35216,False
9,5,1,WALKING,Dynamic,7891,9023,1132,22.64,7.217012,-0.209485,False
9,5,1,WALKING,Dynamic,9216,10237,1021,20.42,7.11178,-0.27498,False
10,5,1,WALKING,Dynamic,7443,8357,914,18.28,6.272387,-0.797404,False
10,5,1,WALKING,Dynamic,8547,9452,905,18.1,6.408063,-0.712961,False
11,6,1,WALKING,Dynamic,8212,9291,1079,21.58,6.610771,-0.586799,False
11,6,1,WALKING,Dynamic,9520,10519,999,19.98,6.469387,-0.674794,False
12,6,1,WALKING,Dynamic,7925,8894,969,19.38,7.013161,-0.336358,False
12,6,1,WALKING,Dynamic,9124,10089,965,19.3,6.847209,-0.439644,False
13,7,1,WALKING,Dynamic,8074,9152,1078,21.56,8.068583,0.320519,False
13,7,1,WALKING,Dynamic,9390,10382,992,19.84,8.204599,0.405173,False
14,7,1,WALKING,Dynamic,7236,8205,969,19.38,7.585172,0.019652,False
14,7,1,WALKING,Dynamic,8503,9476,973,19.46,7.410036,-0.08935,False
15,8,1,WALKING,Dynamic,7275,8197,922,18.44,6.745575,-0.502899,False
15,8,1,WALKING,Dynamic,8518,9267,749,14.98,7.406075,-0.091815,False
15,8,1,WALKING,Dynamic,9382,9522,140,2.8,16.444929,5.533817,True
16,8,1,WALKING,Dynamic,9093,9948,855,17.1,9.656129,1.308581,False
16,8,1,WALKING,Dynamic,10224,11055,831,16.62,9.333804,1.107971,False
17,9,1,WALKING,Dynamic,7891,8811,920,18.4,6.37425,-0.734006,False
17,9,1,WALKING,Dynamic,9030,9950,920,18.4,6.472319,-0.672969,False
18,9,1,WALKING,Dynamic,7922,8823,901,18.02,7.90237,0.217071,False
18,9,1,WALKING,Dynamic,9014,9929,915,18.3,8.101446,0.340972,False
19,10,1,WALKING,Dynamic,8046,9011,965,19.3,6.669124,-0.550482,False
19,10,1,WALKING,Dynamic,9352,10272,920,18.4,6.43288,-0.697516,False
21,10,1,WALKING,Dynamic,1581,2498,917,18.34,8.1249,0.355569,False
21,10,1,WALKING,Dynamic,2741,3645,904,18.08,8.700223,0.713641,False
22,11,1,WALKING,Dynamic,7870,8980,1110,22.2,7.198615,-0.220935,False
22,11,1,WALKING,Dynamic,9197,9868,671,13.42,7.429567,-0.077194,False
22,11,1,WALKING,Dynamic,10046,10384,338,6.76,10.055341,1.557044,False
23,11,1,WALKING,Dynamic,8486,9529,1043,20.86,6.379019,-0.731038,False
23,11,1,WALKING,Dynamic,9707,10763,1056,21.12,6.367263,-0.738355,False
24,12,1,WALKING,Dynamic,8447,9432,985,19.7,6.678153,-0.544862,False
24,12,1,WALKING,Dynamic,9531,10487,956,19.12,6.285552,-0.78921,False
25,12,1,WALKING,Dynamic,8546,9406,860,17.2,7.235955,-0.197695,False
25,12,1,WALKING,Dynamic,9606,10436,830,16.6,7.465438,-0.054869,False
26,13,1,WALKING,Dynamic,8559,9528,969,19.38,7.242605,-0.193556,False
26,13,1,WALKING,Dynamic,9848,10942,1094,21.88,7.322449,-0.143862,False
27,13,1,WALKING,Dynamic,8583,9515,932,18.64,6.85811,-0.432859,False
27,13,1,WALKING,Dynamic,9759,10762,1003,20.06,7.379794,-0.108172,False
28,14,1,WALKING,Dynamic,8168,9303,1135,22.7,8.873359,0.821398,False
28,14,1,WALKING,Dynamic,9672,10688,1016,20.32,8.820858,0.788722,False
29,14,1,WALKING,Dynamic,8208,9240,1032,20.64,10.734054,1.979463,False
29,14,1,WALKING,Dynamic,9536,10538,1002,20.04,10.654669,1.930055,False
30,15,1,WALKING,Dynamic,8601,9593,992,19.84,6.649976,-0.562398,False
30,15,1,WALKING,Dynamic,9858,10817,959,19.18,6.286957,-0.788336,False
31,15,1,WALKING,Dynamic,8869,9818,949,18.98,7.431412,-0.076046,False
31,15,1,WALKING,Dynamic,9989,10929,940,18.8,7.353803,-0.124348,False
32,16,1,WALKING,Dynamic,9293,10181,888,17.76,7.153658,-0.248916,False
32,16,1,WALKING,Dynamic,10602,11564,962,19.24,7.392786,-0.100086,False
33,16,1,WALKING,Dynamic,10158,11046,888,17.76,7.980519,0.265709,False
33,16,1,WALKING,Dynamic,11398,12304,906,18.12,8.106919,0.344378,False
34,17,1,WALKING,Dynamic,10862,12031,1169,23.38,6.908359,-0.401585,False
34,17,1,WALKING,Dynamic,12448,13529,1081,21.62,6.597749,-0.594904,False
35,17,1,WALKING,Dynamic,10091,11142,1051,21.02,5.996042,-0.969397,False
35,17,1,WALKING,Dynamic,11545,12559,1014,20.28,5.90569,-1.02563,False
36,18,1,WALKING,Dynamic,11529,12516,987,19.74,7.096712,-0.284358,False
36,18,1,WALKING,Dynamic,13026,14054,1028,20.56,7.151006,-0.250566,False
37,18,1,WALKING,Dynamic,9977,10989,1012,20.24,7.362701,-0.11881,False
37,18,1,WALKING,Dynamic,11351,12297,946,18.92,7.452651,-0.062827,False
38,19,1,WALKING,Dynamic,11469,12479,1010,20.2,11.392559,2.389306,True
38,19,1,WALKING,Dynamic,12579,13502,923,18.46,11.053819,2.17848,True
39,19,1,WALKING,Dynamic,9950,10853,903,18.06,13.311843,3.583836,True
39,19,1,WALKING,Dynamic,11080,11958,878,17.56,12.526707,3.095181,True
40,20,1,WALKING,Dynamic,10276,11251,975,19.5,7.303242,-0.155816,False
40,20,1,WALKING,Dynamic,11647,12565,918,18.36,8.776678,0.761225,False
41,20,1,WALKING,Dynamic,9946,10785,839,16.78,10.379117,1.758557,False
41,20,1,WALKING,Dynamic,10961,11828,867,17.34,10.299332,1.7089,False
42,21,1,WALKING,Dynamic,11949,12942,993,19.86,7.13984,-0.257516,False
42,21,1,WALKING,Dynamic,13272,14211,939,18.78,7.448007,-0.065718,False
43,21,1,WALKING,Dynamic,11211,12097,886,17.72,7.08907,-0.289114,False
43,21,1,WALKING,Dynamic,12456,13386,930,18.6,6.957656,-0.370904,False
44,22,1,WALKING,Dynamic,9605,10453,848,16.96,7.371065,-0.113605,False
44,22,1,WALKING,Dynamic,10744,11526,782,15.64,7.97744,0.263793,False
45,22,1,WALKING,Dynamic,9788,10628,840,16.8,7.160546,-0.244629,False
45,22,1,WALKING,Dynamic,10928,11741,813,16.26,7.59117,0.023385,False
46,23,1,WALKING,Dynamic,10472,11533,1061,21.22,8.491131,0.583505,False
46,23,1,WALKING,Dynamic,11694,12723,1029,20.58,10.323106,1.723696,False
47,23,1,WALKING,Dynamic,9607,10673,1066,21.32,10.123454,1.599436,False
47,23,1,WALKING,Dynamic,10809,11815,1006,20.12,9.106309,0.966382,False
48,24,1,WALKING,Dynamic,10923,11939,1016,20.32,6.545901,-0.627173,False
48,24,1,WALKING,Dynamic,12132,13092,960,19.2,6.574712,-0.609242,False
49,24,1,WALKING,Dynamic,10013,11026,1013,20.26,6.333052,-0.759647,False
49,24,1,WALKING,Dynamic,11275,12375,1100,22.0,7.202671,-0.21841,False
50,25,1,WALKING,Dynamic,10170,11483,1313,26.26,9.171698,1.007079,False
50,25,1,WALKING,Dynamic,11819,12995,1176,23.52,8.453272,0.559943,False
51,25,1,WALKING,Dynamic,10193,11603,1410,28.2,9.031549,0.919853,False
51,25,1,WALKING,Dynamic,11984,13181,1197,23.94,7.702842,0.092888,False
52,26,1,WALKING,Dynamic,10832,11880,1048,20.96,6.241518,-0.816616,False
52,26,1,WALKING,Dynamic,12202,13116,914,18.28,6.236534,-0.819718,False
53,26,1,WALKING,Dynamic,10536,11638,1102,22.04,6.300505,-0.779903,False
53,26,1,WALKING,Dynamic,11997,13066,1069,21.38,5.950254,-0.997894,False
54,27,1,WALKING,Dynamic,9917,10882,965,19.3,6.228728,-0.824576,False
54,27,1,WALKING,Dynamic,11111,12130,1019,20.38,6.25678,-0.807117,False
55,27,1,WALKING,Dynamic,10397,11402,1005,20.1,6.2955,-0.783019,False
55,27,1,WALKING,Dynamic,11623,12652,1029,20.58,6.351289,-0.748297,False
56,28,1,WALKING,Dynamic,11834,12500,666,13.32,7.238164,-0.196321,False
56,28,1,WALKING,Dynamic,12588,12982,394,7.88,8.72544,0.729335,False
56,28,1,WALKING,Dynamic,13153,14155,1002,20.04,6.018547,-0.95539,False
57,28,1,WALKING,Dynamic,10428,11358,930,18.6,5.972032,-0.98434,False
57,28,1,WALKING,Dynamic,11463,12375,912,18.24,6.020695,-0.954053,False
58,29,1,WALKING,Dynamic,9682,10633,951,19.02,6.715119,-0.521855,False
58,29,1,WALKING,Dynamic,10972,11874,902,18.04,6.891485,-0.412088,False
59,29,1,WALKING,Dynamic,9167,10134,967,19.34,6.699772,-0.531406,False
59,29,1,WALKING,Dynamic,10425,11360,935,18.7,6.867667,-0.426911,False
60,30,1,WALKING,Dynamic,12942,14090,1148,22.96,6.40662,-0.71386,False
60,30,1,WALKING,Dynamic,14416,15588,1172,23.44,6.50713,-0.651303,False
61,30,1,WALKING,Dynamic,9676,10779,1103,22.06,6.770558,-0.487351,False
61,30,1,WALKING,Dynamic,11106,12197,1091,21.82,7.332424,-0.137654,False
1,1,2,WALKING_UPSTAIRS,Dynamic,14069,14699,630,12.6,6.680667,-0.60738,False
1,1,2,WALKING_UPSTAIRS,Dynamic,15712,16377,665,13.3,6.464971,-0.754619,False
1,1,2,WALKING_UPSTAIRS,Dynamic,17298,17970,672,13.44,6.442425,-0.770009,False
2,1,2,WALKING_UPSTAIRS,Dynamic,14128,14783,655,13.1,6.60119,-0.661633,False
2,1,2,WALKING_UPSTAIRS,Dynamic,15920,16598,678,13.56,6.830057,-0.505404,False
2,1,2,WALKING_UPSTAIRS,Dynamic,17725,18425,700,14.0,6.674077,-0.611879,False
3,2,2,WALKING_UPSTAIRS,Dynamic,12631,13306,675,13.5,6.6666,-0.616983,False
3,2,2,WALKING_UPSTAIRS,Dynamic,14528,15166,638,12.76,8.119316,0.37467,False
3,2,2,WALKING_UPSTAIRS,Dynamic,16259,16870,611,12.22,9.656966,1.424299,False
4,2,2,WALKING_UPSTAIRS,Dynamic,11294,11928,634,12.68,6.573521,-0.680521,False
4,2,2,WALKING_UPSTAIRS,Dynamic,12986,13602,616,12.32,6.923048,-0.441927,False
4,2,2,WALKING_UPSTAIRS,Dynamic,14705,15274,569,11.38,7.15527,-0.283407,False
5,3,2,WALKING_UPSTAIRS,Dynamic,14018,14694,676,13.52,7.115395,-0.310627,False
5,3,2,WALKING_UPSTAIRS,Dynamic,15985,16611,626,12.52,6.778049,-0.540906,False
5,3,2,WALKING_UPSTAIRS,Dynamic,17811,18477,666,13.32,6.609878,-0.655703,False
5,3,2,WALKING_UPSTAIRS,Dynamic,19536,20152,616,12.32,6.804123,-0.523107,False
6,3,2,WALKING_UPSTAIRS,Dynamic,12703,13384,681,13.62,6.131971,-0.981931,False
6,3,2,WALKING_UPSTAIRS,Dynamic,14587,15213,626,12.52,6.219761,-0.922004,False
6,3,2,WALKING_UPSTAIRS,Dynamic,16146,16779,633,12.66,6.39366,-0.803297,False
7,4,2,WALKING_UPSTAIRS,Dynamic,12653,13437,784,15.68,7.19812,-0.254157,False
7,4,2,WALKING_UPSTAIRS,Dynamic,14548,15230,682,13.64,6.916778,-0.446206,False
7,4,2,WALKING_UPSTAIRS,Dynamic,16178,16814,636,12.72,6.525839,-0.713069,False
8,4,2,WALKING_UPSTAIRS,Dynamic,11392,11991,599,11.98,6.554472,-0.693524,False
8,4,2,WALKING_UPSTAIRS,Dynamic,12939,13565,626,12.52,6.778049,-0.540906,False
8,4,2,WALKING_UPSTAIRS,Dynamic,14391,15007,616,12.32,8.58449,0.692206,False
9,5,2,WALKING_UPSTAIRS,Dynamic,11867,12553,686,13.72,6.431635,-0.777375,False
9,5,2,WALKING_UPSTAIRS,Dynamic,13567,14201,634,12.68,6.630149,-0.641865,False
9,5,2,WALKING_UPSTAIRS,Dynamic,15087,15725,638,12.76,6.524888,-0.713718,False
10,5,2,WALKING_UPSTAIRS,Dynamic,10751,11344,593,11.86,6.491799,-0.736305,False
10,5,2,WALKING_UPSTAIRS,Dynamic,12187,12755,568,11.36,6.456606,-0.760329,False
10,5,2,WALKING_UPSTAIRS,Dynamic,13593,14163,570,11.4,6.857417,-0.486727,False
11,6,2,WALKING_UPSTAIRS,Dynamic,11965,12633,668,13.36,6.991972,-0.394878,False
11,6,2,WALKING_UPSTAIRS,Dynamic,13554,14180,626,12.52,6.720129,-0.580443,False
11,6,2,WALKING_UPSTAIRS,Dynamic,15113,15763,650,13.0,7.025384,-0.37207,False
12,6,2,WALKING_UPSTAIRS,Dynamic,11437,12082,645,12.9,7.80529,0.160309,False
12,6,2,WALKING_UPSTAIRS,Dynamic,12970,13604,634,12.68,7.947025,0.257061,False
12,6,2,WALKING_UPSTAIRS,Dynamic,14479,15082,603,12.06,9.422394,1.264176,False
13,7,2,WALKING_UPSTAIRS,Dynamic,12007,12719,712,14.24,8.097436,0.359734,False
13,7,2,WALKING_UPSTAIRS,Dynamic,13935,14540,605,12.1,8.144142,0.391616,False
13,7,2,WALKING_UPSTAIRS,Dynamic,15695,16286,591,11.82,8.5732,0.6845,False
14,7,2,WALKING_UPSTAIRS,Dynamic,11170,11816,646,12.92,6.150081,-0.969569,False
14,7,2,WALKING_UPSTAIRS,Dynamic,12927,13539,612,12.24,6.248175,-0.902608,False
14,7,2,WALKING_UPSTAIRS,Dynamic,14504,15116,612,12.24,6.28886,-0.874835,False
15,8,2,WALKING_UPSTAIRS,Dynamic,11085,11657,572,11.44,7.408365,-0.110639,False
15,8,2,WALKING_UPSTAIRS,Dynamic,12708,13272,564,11.28,7.917447,0.23687,False
15,8,2,WALKING_UPSTAIRS,Dynamic,14287,14840,553,11.06,8.474727,0.61728,False
16,8,2,WALKING_UPSTAIRS,Dynamic,12315,12895,580,11.6,8.692756,0.766111,False
16,8,2,WALKING_UPSTAIRS,Dynamic,13785,14294,509,10.18,10.045316,1.689395,False
16,8,2,WALKING_UPSTAIRS,Dynamic,15196,15706,510,10.2,8.934684,0.931256,False
17,9,2,WALKING_UPSTAIRS,Dynamic,11585,11907,322,6.44,11.267984,2.524012,True
17,9,2,WALKING_UPSTAIRS,Dynamic,11922,12370,448,8.96,10.297632,1.861631,False
17,9,2,WALKING_UPSTAIRS,Dynamic,13350,13946,596,11.92,7.002507,-0.387686,False
17,9,2,WALKING_UPSTAIRS,Dynamic,14846,15441,595,11.9,6.862055,-0.483561,False
18,9,2,WALKING_UPSTAIRS,Dynamic,11185,11791,606,12.12,9.060542,1.017169,False
18,9,2,WALKING_UPSTAIRS,Dynamic,12617,13215,598,11.96,9.028256,0.99513,False
18,9,2,WALKING_UPSTAIRS,Dynamic,14134,14666,532,10.64,9.065906,1.02083,False
19,10,2,WALKING_UPSTAIRS,Dynamic,11571,12097,526,10.52,8.61881,0.715634,False
19,10,2,WALKING_UPSTAIRS,Dynamic,12947,13527,580,11.6,6.726253,-0.576262,False
19,10,2,WALKING_UPSTAIRS,Dynamic,14440,15051,611,12.22,13.45129,4.014379,True
21,10,2,WALKING_UPSTAIRS,Dynamic,4896,5472,576,11.52,10.044805,1.689046,False
21,10,2,WALKING_UPSTAIRS,Dynamic,6189,6797,608,12.16,9.842899,1.551221,False
21,10,2,WALKING_UPSTAIRS,Dynamic,7633,8260,627,12.54,9.453949,1.285716,False
22,11,2,WALKING_UPSTAIRS,Dynamic,11610,12227,617,12.34,7.240384,-0.225306,False
22,11,2,WALKING_UPSTAIRS,Dynamic,13183,13839,656,13.12,7.45567,-0.078348,False
22,11,2,WALKING_UPSTAIRS,Dynamic,14707,15373,666,13.32,7.373786,-0.134244,False
23,11,2,WALKING_UPSTAIRS,Dynamic,12089,12767,678,13.56,6.9985,-0.390421,False
23,11,2,WALKING_UPSTAIRS,Dynamic,13628,14298,670,13.4,7.006772,-0.384774,False
23,11,2,WALKING_UPSTAIRS,Dynamic,15168,15874,706,14.12,7.044139,-0.359267,False
24,12,2,WALKING_UPSTAIRS,Dynamic,11749,12429,680,13.6,6.426605,-0.780808,False
24,12,2,WALKING_UPSTAIRS,Dynamic,13259,13953,694,13.88,6.899463,-0.458026,False
24,12,2,WALKING_UPSTAIRS,Dynamic,14905,15585,680,13.6,6.158624,-0.963737,False
25,12,2,WALKING_UPSTAIRS,Dynamic,11656,12286,630,12.6,6.667055,-0.616672,False
25,12,2,WALKING_UPSTAIRS,Dynamic,13146,13776,630,12.6,6.607305,-0.657459,False
25,12,2,WALKING_UPSTAIRS,Dynamic,14567,15214,647,12.94,7.251397,-0.217789,False
26,13,2,WALKING_UPSTAIRS,Dynamic,12621,13443,822,16.44,7.667383,0.066172,False
26,13,2,WALKING_UPSTAIRS,Dynamic,14552,15272,720,14.4,6.830488,-0.50511,False
26,13,2,WALKING_UPSTAIRS,Dynamic,16216,16969,753,15.06,7.327676,-0.165719,False
27,13,2,WALKING_UPSTAIRS,Dynamic,12277,12874,597,11.94,6.879985,-0.471322,False
27,13,2,WALKING_UPSTAIRS,Dynamic,13793,14430,637,12.74,6.760353,-0.552985,False
27,13,2,WALKING_UPSTAIRS,Dynamic,15274,15892,618,12.36,6.656788,-0.623681,False
28,14,2,WALKING_UPSTAIRS,Dynamic,12736,13418,682,13.64,10.325049,1.880346,False
28,14,2,WALKING_UPSTAIRS,Dynamic,14500,15146,646,12.92,11.331593,2.567433,True
28,14,2,WALKING_UPSTAIRS,Dynamic,16060,16707,647,12.94,11.15028,2.443665,True
29,14,2,WALKING_UPSTAIRS,Dynamic,12030,12691,661,13.22,12.402815,3.29867,True
29,14,2,WALKING_UPSTAIRS,Dynamic,13575,14286,711,14.22,14.089738,4.450197,True
29,14,2,WALKING_UPSTAIRS,Dynamic,15121,15753,632,12.64,12.477407,3.349588,True
30,15,2,WALKING_UPSTAIRS,Dynamic,12291,12899,608,12.16,6.737019,-0.568913,False
30,15,2,WALKING_UPSTAIRS,Dynamic,13780,14388,608,12.16,6.462322,-0.756427,False
30,15,2,WALKING_UPSTAIRS,Dynamic,15302,15914,612,12.24,6.582842,-0.674158,False
31,15,2,WALKING_UPSTAIRS,Dynamic,12288,12882,594,11.88,7.050689,-0.354796,False
31,15,2,WALKING_UPSTAIRS,Dynamic,13710,14309,599,11.98,6.915283,-0.447227,False
31,15,2,WALKING_UPSTAIRS,Dynamic,15122,15736,614,12.28,6.801393,-0.52497,False
32,16,2,WALKING_UPSTAIRS,Dynamic,13145,13804,659,13.18,7.125093,-0.304007,False
32,16,2,WALKING_UPSTAIRS,Dynamic,15004,15673,669,13.38,7.585192,0.010066,False
32,16,2,WALKING_UPSTAIRS,Dynamic,16823,17468,645,12.9,7.446637,-0.084514,False
33,16,2,WALKING_UPSTAIRS,Dynamic,13948,14561,613,12.26,9.606409,1.389789,False
33,16,2,WALKING_UPSTAIRS,Dynamic,15787,16401,614,12.28,9.498168,1.315901,False
33,16,2,WALKING_UPSTAIRS,Dynamic,17568,18201,633,12.66,9.795517,1.518877,False
34,17,2,WALKING_UPSTAIRS,Dynamic,15650,16252,602,12.04,6.865923,-0.480921,False
34,17,2,WALKING_UPSTAIRS,Dynamic,17557,18172,615,12.3,6.978479,-0.404088,False
34,17,2,WALKING_UPSTAIRS,Dynamic,19326,19924,598,11.96,7.105414,-0.31744,False
35,17,2,WALKING_UPSTAIRS,Dynamic,14099,14736,637,12.74,6.230652,-0.914569,False
35,17,2,WALKING_UPSTAIRS,Dynamic,15877,16503,626,12.52,6.178626,-0.950083,False
35,17,2,WALKING_UPSTAIRS,Dynamic,17666,18303,637,12.74,6.665285,-0.617881,False
36,18,2,WALKING_UPSTAIRS,Dynamic,16345,17063,718,14.36,7.224375,-0.236235,False
36,18,2,WALKING_UPSTAIRS,Dynamic,18546,19239,693,13.86,7.072913,-0.339626,False
36,18,2,WALKING_UPSTAIRS,Dynamic,20688,21413,725,14.5,7.165848,-0.276186,False
37,18,2,WALKING_UPSTAIRS,Dynamic,14237,14914,677,13.54,7.251905,-0.217442,False
37,18,2,WALKING_UPSTAIRS,Dynamic,16236,16939,703,14.06,6.869372,-0.478567,False
37,18,2,WALKING_UPSTAIRS,Dynamic,18280,19003,723,14.46,7.219979,-0.239236,False
38,19,2,WALKING_UPSTAIRS,Dynamic,14803,15349,546,10.92,6.526552,-0.712583,False
38,19,2,WALKING_UPSTAIRS,Dynamic,16246,16782,536,10.72,7.729008,0.108237,False
38,19,2,WALKING_UPSTAIRS,Dynamic,17720,18245,525,10.5,8.234038,0.452981,False
39,19,2,WALKING_UPSTAIRS,Dynamic,13232,13776,544,10.88,8.709585,0.777598,False
39,19,2,WALKING_UPSTAIRS,Dynamic,14522,15013,491,9.82,9.335924,1.20515,False
39,19,2,WALKING_UPSTAIRS,Dynamic,15743,16229,486,9.72,12.406248,3.301013,True
40,20,2,WALKING_UPSTAIRS,Dynamic,14015,14640,625,12.5,8.182592,0.417863,False
40,20,2,WALKING_UPSTAIRS,Dynamic,16088,16808,720,14.4,7.562662,-0.005314,False
40,20,2,WALKING_UPSTAIRS,Dynamic,17859,18476,617,12.34,8.080481,0.34816,False
41,20,2,WALKING_UPSTAIRS,Dynamic,13070,13699,629,12.58,9.378987,1.234546,False
41,20,2,WALKING_UPSTAIRS,Dynamic,14544,15201,657,13.14,8.828671,0.858889,False
41,20,2,WALKING_UPSTAIRS,Dynamic,16103,16738,635,12.7,9.907017,1.594989,False
42,21,2,WALKING_UPSTAIRS,Dynamic,15696,16339,643,12.86,7.34451,-0.154228,False
42,21,2,WALKING_UPSTAIRS,Dynamic,17530,18126,596,11.92,6.989311,-0.396694,False
42,21,2,WALKING_UPSTAIRS,Dynamic,19166,19774,608,12.16,6.934272,-0.434265,False
43,21,2,WALKING_UPSTAIRS,Dynamic,14819,15402,583,11.66,7.285483,-0.194521,False
43,21,2,WALKING_UPSTAIRS,Dynamic,16294,16865,571,11.42,7.348036,-0.151821,False
43,21,2,WALKING_UPSTAIRS,Dynamic,17739,18307,568,11.36,7.342758,-0.155424,False
44,22,2,WALKING_UPSTAIRS,Dynamic,13408,13955,547,10.94,7.388913,-0.123918,False
44,22,2,WALKING_UPSTAIRS,Dynamic,14894,15435,541,10.82,7.1598,-0.280315,False
44,22,2,WALKING_UPSTAIRS,Dynamic,16439,16970,531,10.62,8.319024,0.510994,False
45,22,2,WALKING_UPSTAIRS,Dynamic,13361,13909,548,10.96,7.114915,-0.310955,False
45,22,2,WALKING_UPSTAIRS,Dynamic,14732,15293,561,11.22,6.669918,-0.614718,False
45,22,2,WALKING_UPSTAIRS,Dynamic,16307,16864,557,11.14,6.422149,-0.78385,False
46,23,2,WALKING_UPSTAIRS,Dynamic,14711,15356,645,12.9,6.964243,-0.413806,False
46,23,2,WALKING_UPSTAIRS,Dynamic,16399,16985,586,11.72,7.422561,-0.100949,False
46,23,2,WALKING_UPSTAIRS,Dynamic,18110,18687,577,11.54,7.298847,-0.185398,False
47,23,2,WALKING_UPSTAIRS,Dynamic,13522,14142,620,12.4,8.538509,0.660819,False
47,23,2,WALKING_UPSTAIRS,Dynamic,15055,15729,674,13.48,8.340823,0.525874,False
47,23,2,WALKING_UPSTAIRS,Dynamic,16692,17355,663,13.26,6.79502,-0.529321,False
48,24,2,WALKING_UPSTAIRS,Dynamic,15408,16104,696,13.92,6.608367,-0.656734,False
48,24,2,WALKING_UPSTAIRS,Dynamic,17176,17928,752,15.04,7.139852,-0.293932,False
48,24,2,WALKING_UPSTAIRS,Dynamic,18989,19741,752,15.04,6.680703,-0.607356,False
49,24,2,WALKING_UPSTAIRS,Dynamic,14130,14850,720,14.4,6.204888,-0.932157,False
49,24,2,WALKING_UPSTAIRS,Dynamic,15814,16538,724,14.48,6.261629,-0.893424,False
49,24,2,WALKING_UPSTAIRS,Dynamic,17519,18243,724,14.48,6.07167,-1.023093,False
50,25,2,WALKING_UPSTAIRS,Dynamic,14818,15601,783,15.66,8.236126,0.454406,False
50,25,2,WALKING_UPSTAIRS,Dynamic,16654,17546,892,17.84,9.226974,1.130779,False
50,25,2,WALKING_UPSTAIRS,Dynamic,18807,19654,847,16.94,8.675885,0.754594,False
51,25,2,WALKING_UPSTAIRS,Dynamic,14952,15698,746,14.92,6.900869,-0.457066,False
51,25,2,WALKING_UPSTAIRS,Dynamic,16724,17449,725,14.5,6.824549,-0.509164,False
51,25,2,WALKING_UPSTAIRS,Dynamic,18528,19256,728,14.56,6.728745,-0.574561,False
52,26,2,WALKING_UPSTAIRS,Dynamic,15079,15840,761,15.22,7.15931,-0.280649,False
52,26,2,WALKING_UPSTAIRS,Dynamic,17125,17774,649,12.98,6.261804,-0.893304,False
52,26,2,WALKING_UPSTAIRS,Dynamic,19036,19705,669,13.38,6.524593,-0.713919,False
53,26,2,WALKING_UPSTAIRS,Dynamic,14892,15548,656,13.12,6.151189,-0.968812,False
53,26,2,WALKING_UPSTAIRS,Dynamic,16664,17335,671,13.42,6.324505,-0.850504,False
53,26,2,WALKING_UPSTAIRS,Dynamic,18570,19216,646,12.92,6.165118,-0.959305,False
54,27,2,WALKING_UPSTAIRS,Dynamic,13474,14091,617,12.34,6.362536,-0.824543,False
54,27,2,WALKING_UPSTAIRS,Dynamic,15097,15764,667,13.34,6.431524,-0.777451,False
54,27,2,WALKING_UPSTAIRS,Dynamic,16746,17369,623,12.46,6.290642,-0.873619,False
55,27,2,WALKING_UPSTAIRS,Dynamic,14037,14696,659,13.18,6.944758,-0.427107,False
55,27,2,WALKING_UPSTAIRS,Dynamic,15686,16350,664,13.28,7.385066,-0.126544,False
55,27,2,WALKING_UPSTAIRS,Dynamic,17383,18009,626,12.52,7.957135,0.263961,False
56,28,2,WALKING_UPSTAIRS,Dynamic,15811,16496,685,13.7,6.493975,-0.73482,False
56,28,2,WALKING_UPSTAIRS,Dynamic,17407,18117,710,14.2,6.370937,-0.818808,False
56,28,2,WALKING_UPSTAIRS,Dynamic,18961,19643,682,13.64,6.070195,-1.024101,False
57,28,2,WALKING_UPSTAIRS,Dynamic,13607,14206,599,11.98,6.22658,-0.917349,False
57,28,2,WALKING_UPSTAIRS,Dynamic,15020,15631,611,12.22,5.799475,-1.208899,False
57,28,2,WALKING_UPSTAIRS,Dynamic,16433,16996,563,11.26,6.386747,-0.808016,False
58,29,2,WALKING_UPSTAIRS,Dynamic,13625,14274,649,12.98,7.872582,0.206244,False
58,29,2,WALKING_UPSTAIRS,Dynamic,15364,15991,627,12.54,7.610624,0.027427,False
58,29,2,WALKING_UPSTAIRS,Dynamic,17110,17331,221,4.42,11.219386,2.490838,True
58,29,2,WALKING_UPSTAIRS,Dynamic,17338,17787,449,8.98,7.867146,0.202533,False
59,29,2,WALKING_UPSTAIRS,Dynamic,12898,13532,634,12.68,8.053801,0.329948,False
59,29,2,WALKING_UPSTAIRS,Dynamic,14574,15183,609,12.18,7.918081,0.237302,False
59,29,2,WALKING_UPSTAIRS,Dynamic,16225,16845,620,12.4,6.853736,-0.48924,False
60,30,2,WALKING_UPSTAIRS,Dynamic,17510,18404,894,17.88,7.75676,0.127182,False
60,30,2,WALKING_UPSTAIRS,Dynamic,19655,20527,872,17.44,7.636014,0.044758,False
60,30,2,WALKING_UPSTAIRS,Dynamic,21752,22540,788,15.76,7.016874,-0.377879,False
61,30,2,WALKING_UPSTAIRS,Dynamic,13842,14574,732,14.64,6.767334,-0.54822,False
61,30,2,WALKING_UPSTAIRS,Dynamic,15588,16319,731,14.62,6.797615,-0.52755,False
61,30,2,WALKING_UPSTAIRS,Dynamic,17394,18097,703,14.06,6.728376,-0.574813,False
1,1,3,WALKING_DOWNSTAIRS,Dynamic,13191,13846,655,13.1,6.35717,-0.745388,False
1,1,3,WALKING_DOWNSTAIRS,Dynamic,14869,15492,623,12.46,6.729078,-0.511434,False
1,1,3,WALKING_DOWNSTAIRS,Dynamic,16530,17153,623,12.46,6.26492,-0.803419,False
2,1,3,WALKING_DOWNSTAIRS,Dynamic,13129,13379,250,5.0,10.151887,1.641732,False
2,1,3,WALKING_DOWNSTAIRS,Dynamic,13495,13927,432,8.64,6.82226,-0.452816,False
2,1,3,WALKING_DOWNSTAIRS,Dynamic,15037,15684,647,12.94,6.552028,-0.62281,False
2,1,3,WALKING_DOWNSTAIRS,Dynamic,16847,17471,624,12.48,6.808684,-0.461357,False
3,2,3,WALKING_DOWNSTAIRS,Dynamic,11704,12390,686,13.72,7.417516,-0.078362,False
3,2,3,WALKING_DOWNSTAIRS,Dynamic,13649,14244,595,11.9,7.644691,0.064545,False
3,2,3,WALKING_DOWNSTAIRS,Dynamic,15477,16002,525,10.5,9.562994,1.27128,False
4,2,3,WALKING_DOWNSTAIRS,Dynamic,10438,11056,618,12.36,6.976931,-0.355519,False
4,2,3,WALKING_DOWNSTAIRS,Dynamic,12171,12732,561,11.22,8.00846,0.293379,False
4,2,3,WALKING_DOWNSTAIRS,Dynamic,13862,14444,582,11.64,9.547159,1.261319,False
5,3,3,WALKING_DOWNSTAIRS,Dynamic,15098,15693,595,11.9,6.826853,-0.449927,False
5,3,3,WALKING_DOWNSTAIRS,Dynamic,16964,17559,595,11.9,6.396632,-0.720564,False
5,3,3,WALKING_DOWNSTAIRS,Dynamic,18810,19325,515,10.3,8.834076,0.812744,False
6,3,3,WALKING_DOWNSTAIRS,Dynamic,11720,12410,690,13.8,6.73704,-0.506425,False
6,3,3,WALKING_DOWNSTAIRS,Dynamic,13660,14332,672,13.44,6.377388,-0.732669,False
6,3,3,WALKING_DOWNSTAIRS,Dynamic,15375,15972,597,11.94,5.861247,-1.057355,False
7,4,3,WALKING_DOWNSTAIRS,Dynamic,11340,11596,256,5.12,9.092244,0.975149,False
7,4,3,WALKING_DOWNSTAIRS,Dynamic,11824,12047,223,4.46,9.706691,1.361675,False
7,4,3,WALKING_DOWNSTAIRS,Dynamic,13625,14341,716,14.32,7.532629,-0.005949,False
7,4,3,WALKING_DOWNSTAIRS,Dynamic,15391,16025,634,12.68,7.248295,-0.184813,False
8,4,3,WALKING_DOWNSTAIRS,Dynamic,10629,11231,602,12.04,7.25584,-0.180067,False
8,4,3,WALKING_DOWNSTAIRS,Dynamic,12205,12762,557,11.14,7.118958,-0.266174,False
8,4,3,WALKING_DOWNSTAIRS,Dynamic,13729,14283,554,11.08,7.938099,0.249118,False
9,5,3,WALKING_DOWNSTAIRS,Dynamic,11051,11704,653,13.06,7.010572,-0.334356,False
9,5,3,WALKING_DOWNSTAIRS,Dynamic,12795,13414,619,12.38,6.740278,-0.504389,False
9,5,3,WALKING_DOWNSTAIRS,Dynamic,14384,14963,579,11.58,7.964329,0.265618,False
10,5,3,WALKING_DOWNSTAIRS,Dynamic,10006,10586,580,11.6,6.360493,-0.743298,False
10,5,3,WALKING_DOWNSTAIRS,Dynamic,11526,12055,529,10.58,6.296497,-0.783555,False
10,5,3,WALKING_DOWNSTAIRS,Dynamic,12928,13471,543,10.86,6.811676,-0.459475,False
11,6,3,WALKING_DOWNSTAIRS,Dynamic,11222,11813,591,11.82,7.088501,-0.285334,False
11,6,3,WALKING_DOWNSTAIRS,Dynamic,12805,13386,581,11.62,6.857987,-0.430342,False
11,6,3,WALKING_DOWNSTAIRS,Dynamic,14360,14944,584,11.68,6.411335,-0.711315,False
12,6,3,WALKING_DOWNSTAIRS,Dynamic,10704,11294,590,11.8,8.513225,0.610909,False
12,6,3,WALKING_DOWNSTAIRS,Dynamic,12225,12812,587,11.74,9.426882,1.185657,False
12,6,3,WALKING_DOWNSTAIRS,Dynamic,13731,14321,590,11.8,8.619985,0.678068,False
13,7,3,WALKING_DOWNSTAIRS,Dynamic,11111,11830,719,14.38,8.072931,0.333936,False
13,7,3,WALKING_DOWNSTAIRS,Dynamic,13092,13718,626,12.52,7.71679,0.1099,False
13,7,3,WALKING_DOWNSTAIRS,Dynamic,14849,15407,558,11.16,7.846534,0.191518,False
14,7,3,WALKING_DOWNSTAIRS,Dynamic,10323,10918,595,11.9,6.04999,-0.938623,False
14,7,3,WALKING_DOWNSTAIRS,Dynamic,12076,12629,553,11.06,5.89113,-1.038557,False
14,7,3,WALKING_DOWNSTAIRS,Dynamic,13778,14332,554,11.08,5.825263,-1.079992,False
15,8,3,WALKING_DOWNSTAIRS,Dynamic,10276,10834,558,11.16,6.366795,-0.739333,False
15,8,3,WALKING_DOWNSTAIRS,Dynamic,11957,12466,509,10.18,8.088967,0.344023,False
15,8,3,WALKING_DOWNSTAIRS,Dynamic,13552,14072,520,10.4,7.132808,-0.257462,False
16,8,3,WALKING_DOWNSTAIRS,Dynamic,11682,12162,480,9.6,8.69126,0.722904,False
16,8,3,WALKING_DOWNSTAIRS,Dynamic,13123,13597,474,9.48,8.266232,0.455534,False
16,8,3,WALKING_DOWNSTAIRS,Dynamic,14517,14997,480,9.6,8.656545,0.701066,False
17,9,3,WALKING_DOWNSTAIRS,Dynamic,10717,10943,226,4.52,8.946934,0.88374,False
17,9,3,WALKING_DOWNSTAIRS,Dynamic,10969,11354,385,7.7,7.424986,-0.073663,False
17,9,3,WALKING_DOWNSTAIRS,Dynamic,12492,12707,215,4.3,9.037792,0.940895,False
17,9,3,WALKING_DOWNSTAIRS,Dynamic,12880,13226,346,6.92,6.72665,-0.512961,False
17,9,3,WALKING_DOWNSTAIRS,Dynamic,14135,14714,579,11.58,5.899952,-1.033007,False
18,9,3,WALKING_DOWNSTAIRS,Dynamic,10522,11096,574,11.48,7.578208,0.022723,False
18,9,3,WALKING_DOWNSTAIRS,Dynamic,11955,12519,564,11.28,8.057391,0.32416,False
18,9,3,WALKING_DOWNSTAIRS,Dynamic,13378,13952,574,11.48,7.63102,0.055945,False
19,10,3,WALKING_DOWNSTAIRS,Dynamic,10886,11379,493,9.86,7.56482,0.014301,False
19,10,3,WALKING_DOWNSTAIRS,Dynamic,12289,12793,504,10.08,7.157877,-0.241692,False
19,10,3,WALKING_DOWNSTAIRS,Dynamic,13689,14223,534,10.68,7.379424,-0.102325,False
21,10,3,WALKING_DOWNSTAIRS,Dynamic,4250,4749,499,9.98,7.548928,0.004304,False
21,10,3,WALKING_DOWNSTAIRS,Dynamic,5588,6090,502,10.04,8.982303,0.905988,False
21,10,3,WALKING_DOWNSTAIRS,Dynamic,6941,7468,527,10.54,7.700674,0.099762,False
22,11,3,WALKING_DOWNSTAIRS,Dynamic,10823,11393,570,11.4,6.421248,-0.705078,False
22,11,3,WALKING_DOWNSTAIRS,Dynamic,12488,13043,555,11.1,6.973622,-0.3576,False
22,11,3,WALKING_DOWNSTAIRS,Dynamic,14008,14596,588,11.76,7.513278,-0.018122,False
23,11,3,WALKING_DOWNSTAIRS,Dynamic,11369,11957,588,11.76,6.099029,-0.907775,False
23,11,3,WALKING_DOWNSTAIRS,Dynamic,12918,13501,583,11.66,6.203993,-0.841746,False
23,11,3,WALKING_DOWNSTAIRS,Dynamic,14425,15040,615,12.3,6.761084,-0.4913,False
24,12,3,WALKING_DOWNSTAIRS,Dynamic,11017,11664,647,12.94,7.367563,-0.109786,False
24,12,3,WALKING_DOWNSTAIRS,Dynamic,12527,13156,629,12.58,6.640239,-0.567319,False
24,12,3,WALKING_DOWNSTAIRS,Dynamic,14145,14774,629,12.58,6.752204,-0.496886,False
25,12,3,WALKING_DOWNSTAIRS,Dynamic,11000,11548,548,10.96,7.62441,0.051787,False
25,12,3,WALKING_DOWNSTAIRS,Dynamic,12443,13012,569,11.38,7.411701,-0.08202,False
25,12,3,WALKING_DOWNSTAIRS,Dynamic,13902,14415,513,10.26,6.274918,-0.797129,False
26,13,3,WALKING_DOWNSTAIRS,Dynamic,11773,12461,688,13.76,7.306522,-0.148185,False
26,13,3,WALKING_DOWNSTAIRS,Dynamic,13747,14440,693,13.86,7.288703,-0.159394,False
26,13,3,WALKING_DOWNSTAIRS,Dynamic,15443,16088,645,12.9,6.949319,-0.372888,False
27,13,3,WALKING_DOWNSTAIRS,Dynamic,11588,12114,526,10.52,5.627129,-1.20463,False
27,13,3,WALKING_DOWNSTAIRS,Dynamic,13073,13625,552,11.04,5.672286,-1.176224,False
27,13,3,WALKING_DOWNSTAIRS,Dynamic,14628,15132,504,10.08,5.758631,-1.121907,False
28,14,3,WALKING_DOWNSTAIRS,Dynamic,11923,12543,620,12.4,9.842542,1.447134,False
28,14,3,WALKING_DOWNSTAIRS,Dynamic,13664,14271,607,12.14,9.708666,1.362917,False
28,14,3,WALKING_DOWNSTAIRS,Dynamic,15330,15906,576,11.52,9.870506,1.464725,False
29,14,3,WALKING_DOWNSTAIRS,Dynamic,11254,11807,553,11.06,11.131159,2.257756,True
29,14,3,WALKING_DOWNSTAIRS,Dynamic,12879,13442,563,11.26,12.699636,3.244429,True
29,14,3,WALKING_DOWNSTAIRS,Dynamic,14429,14997,568,11.36,13.168159,3.53916,True
30,15,3,WALKING_DOWNSTAIRS,Dynamic,11585,12152,567,11.34,6.545568,-0.626873,False
30,15,3,WALKING_DOWNSTAIRS,Dynamic,13041,13601,560,11.2,6.364099,-0.741029,False
30,15,3,WALKING_DOWNSTAIRS,Dynamic,14609,15139,530,10.6,6.601509,-0.591683,False
31,15,3,WALKING_DOWNSTAIRS,Dynamic,11591,12137,546,10.92,6.582287,-0.603775,False
31,15,3,WALKING_DOWNSTAIRS,Dynamic,13047,13598,551,11.02,6.745511,-0.501097,False
31,15,3,WALKING_DOWNSTAIRS,Dynamic,14469,15005,536,10.72,6.439033,-0.693891,False
32,16,3,WALKING_DOWNSTAIRS,Dynamic,12248,12843,595,11.9,7.281703,-0.163798,False
32,16,3,WALKING_DOWNSTAIRS,Dynamic,14141,14736,595,11.9,7.14206,-0.251642,False
32,16,3,WALKING_DOWNSTAIRS,Dynamic,16045,16630,585,11.7,6.974308,-0.357169,False
33,16,3,WALKING_DOWNSTAIRS,Dynamic,13113,13674,561,11.22,8.371095,0.5215,False
33,16,3,WALKING_DOWNSTAIRS,Dynamic,14887,15468,581,11.62,8.338805,0.501188,False
33,16,3,WALKING_DOWNSTAIRS,Dynamic,16727,17307,580,11.6,8.305209,0.480053,False
34,17,3,WALKING_DOWNSTAIRS,Dynamic,14527,15204,677,13.54,7.504012,-0.023951,False
34,17,3,WALKING_DOWNSTAIRS,Dynamic,16581,17185,604,12.08,7.019418,-0.328791,False
34,17,3,WALKING_DOWNSTAIRS,Dynamic,18512,19042,530,10.6,7.283499,-0.162667,False
35,17,3,WALKING_DOWNSTAIRS,Dynamic,13292,13886,594,11.88,6.541955,-0.629146,False
35,17,3,WALKING_DOWNSTAIRS,Dynamic,15049,15585,536,10.72,6.274524,-0.797378,False
35,17,3,WALKING_DOWNSTAIRS,Dynamic,16811,17400,589,11.78,6.240595,-0.818721,False
36,18,3,WALKING_DOWNSTAIRS,Dynamic,15158,15876,718,14.36,7.396964,-0.091291,False
36,18,3,WALKING_DOWNSTAIRS,Dynamic,17459,18139,680,13.6,8.635274,0.687686,False
36,18,3,WALKING_DOWNSTAIRS,Dynamic,19653,20333,680,13.6,7.545047,0.001863,False
37,18,3,WALKING_DOWNSTAIRS,Dynamic,13290,13934,644,12.88,7.514988,-0.017046,False
37,18,3,WALKING_DOWNSTAIRS,Dynamic,15269,15933,664,13.28,8.484703,0.592966,False
37,18,3,WALKING_DOWNSTAIRS,Dynamic,17265,17943,678,13.56,8.493211,0.598318,False
38,19,3,WALKING_DOWNSTAIRS,Dynamic,14097,14653,556,11.12,8.1385,0.375183,False
38,19,3,WALKING_DOWNSTAIRS,Dynamic,15536,16062,526,10.52,11.764188,2.655972,True
38,19,3,WALKING_DOWNSTAIRS,Dynamic,16952,17467,515,10.3,10.58751,1.915767,False
39,19,3,WALKING_DOWNSTAIRS,Dynamic,12576,13063,487,9.74,13.27061,3.603608,True
39,19,3,WALKING_DOWNSTAIRS,Dynamic,13916,14411,495,9.9,16.063815,5.360713,True
39,19,3,WALKING_DOWNSTAIRS,Dynamic,15128,15607,479,9.58,14.043742,4.089958,True
40,20,3,WALKING_DOWNSTAIRS,Dynamic,13187,13741,554,11.08,7.837004,0.185523,False
40,20,3,WALKING_DOWNSTAIRS,Dynamic,15004,15560,556,11.12,7.670929,0.08105,False
40,20,3,WALKING_DOWNSTAIRS,Dynamic,17074,17697,623,12.46,7.12074,-0.265053,False
41,20,3,WALKING_DOWNSTAIRS,Dynamic,12344,12956,612,12.24,7.8765,0.210368,False
41,20,3,WALKING_DOWNSTAIRS,Dynamic,13846,14396,550,11.0,9.07456,0.964024,False
41,20,3,WALKING_DOWNSTAIRS,Dynamic,15354,15972,618,12.36,8.05359,0.321769,False
42,21,3,WALKING_DOWNSTAIRS,Dynamic,14936,15509,573,11.46,7.51406,-0.01763,False
42,21,3,WALKING_DOWNSTAIRS,Dynamic,16650,17250,600,12.0,7.277819,-0.166241,False
42,21,3,WALKING_DOWNSTAIRS,Dynamic,18356,18967,611,12.22,7.199861,-0.215281,False
43,21,3,WALKING_DOWNSTAIRS,Dynamic,14047,14664,617,12.34,7.158817,-0.2411,False
43,21,3,WALKING_DOWNSTAIRS,Dynamic,15573,16120,547,10.94,7.607305,0.041027,False
43,21,3,WALKING_DOWNSTAIRS,Dynamic,17012,17574,562,11.24,7.466124,-0.047785,False
44,22,3,WALKING_DOWNSTAIRS,Dynamic,12730,13221,491,9.82,6.674548,-0.545737,False
44,22,3,WALKING_DOWNSTAIRS,Dynamic,14179,14661,482,9.64,6.695399,-0.53262,False
44,22,3,WALKING_DOWNSTAIRS,Dynamic,15696,16202,506,10.12,6.238688,-0.81992,False
45,22,3,WALKING_DOWNSTAIRS,Dynamic,12700,13190,490,9.8,6.812137,-0.459185,False
45,22,3,WALKING_DOWNSTAIRS,Dynamic,14089,14589,500,10.0,6.405231,-0.715155,False
45,22,3,WALKING_DOWNSTAIRS,Dynamic,15569,16079,510,10.2,6.269396,-0.800603,False
46,23,3,WALKING_DOWNSTAIRS,Dynamic,13825,14494,669,13.38,10.581344,1.911888,False
46,23,3,WALKING_DOWNSTAIRS,Dynamic,15606,16265,659,13.18,7.825874,0.178521,False
46,23,3,WALKING_DOWNSTAIRS,Dynamic,17303,17944,641,12.82,8.270773,0.458391,False
47,23,3,WALKING_DOWNSTAIRS,Dynamic,12723,13402,679,13.58,8.757056,0.764294,False
47,23,3,WALKING_DOWNSTAIRS,Dynamic,14294,14952,658,13.16,8.211514,0.421113,False
47,23,3,WALKING_DOWNSTAIRS,Dynamic,15892,16556,664,13.28,8.638813,0.689912,False
48,24,3,WALKING_DOWNSTAIRS,Dynamic,13920,14336,416,8.32,6.986348,-0.349595,False
48,24,3,WALKING_DOWNSTAIRS,Dynamic,14372,14595,223,4.46,8.481337,0.590849,False
48,24,3,WALKING_DOWNSTAIRS,Dynamic,16302,17044,742,14.84,6.639368,-0.567867,False
48,24,3,WALKING_DOWNSTAIRS,Dynamic,18131,18852,721,14.42,6.452116,-0.68566,False
49,24,3,WALKING_DOWNSTAIRS,Dynamic,13286,13989,703,14.06,6.714804,-0.520413,False
49,24,3,WALKING_DOWNSTAIRS,Dynamic,15015,15702,687,13.74,6.490571,-0.66147,False
49,24,3,WALKING_DOWNSTAIRS,Dynamic,16683,17374,691,13.82,6.249147,-0.813341,False
50,25,3,WALKING_DOWNSTAIRS,Dynamic,14023,14670,647,12.94,8.906149,0.858083,False
50,25,3,WALKING_DOWNSTAIRS,Dynamic,15833,16557,724,14.48,11.16615,2.279768,True
50,25,3,WALKING_DOWNSTAIRS,Dynamic,17850,18633,783,15.66,9.582791,1.283734,False
51,25,3,WALKING_DOWNSTAIRS,Dynamic,14138,14786,648,12.96,6.890452,-0.409919,False
51,25,3,WALKING_DOWNSTAIRS,Dynamic,15904,16601,697,13.94,7.865401,0.203386,False
51,25,3,WALKING_DOWNSTAIRS,Dynamic,17698,18408,710,14.2,8.528253,0.620362,False
52,26,3,WALKING_DOWNSTAIRS,Dynamic,13926,14547,621,12.42,6.408407,-0.713156,False
52,26,3,WALKING_DOWNSTAIRS,Dynamic,16228,16866,638,12.76,6.460649,-0.680293,False
52,26,3,WALKING_DOWNSTAIRS,Dynamic,18162,18817,655,13.1,6.364461,-0.740801,False
53,26,3,WALKING_DOWNSTAIRS,Dynamic,13933,14624,691,13.82,6.567915,-0.612816,False
53,26,3,WALKING_DOWNSTAIRS,Dynamic,15845,16448,603,12.06,6.408151,-0.713318,False
53,26,3,WALKING_DOWNSTAIRS,Dynamic,17635,18257,622,12.44,6.234148,-0.822777,False
54,27,3,WALKING_DOWNSTAIRS,Dynamic,12698,13266,568,11.36,6.344588,-0.753303,False
54,27,3,WALKING_DOWNSTAIRS,Dynamic,14348,14894,546,10.92,6.244038,-0.816555,False
54,27,3,WALKING_DOWNSTAIRS,Dynamic,15958,16539,581,11.62,6.107452,-0.902477,False
55,27,3,WALKING_DOWNSTAIRS,Dynamic,13258,13869,611,12.22,5.919483,-1.020721,False
55,27,3,WALKING_DOWNSTAIRS,Dynamic,14912,15513,601,12.02,6.749159,-0.498802,False
55,27,3,WALKING_DOWNSTAIRS,Dynamic,16566,16941,375,7.5,7.973989,0.271695,False
55,27,3,WALKING_DOWNSTAIRS,Dynamic,16960,17191,231,4.62,10.043497,1.573548,False
56,28,3,WALKING_DOWNSTAIRS,Dynamic,15018,15640,622,12.44,6.043111,-0.942951,False
56,28,3,WALKING_DOWNSTAIRS,Dynamic,16655,17264,609,12.18,5.839309,-1.071156,False
56,28,3,WALKING_DOWNSTAIRS,Dynamic,18235,18844,609,12.18,6.075095,-0.922831,False
57,28,3,WALKING_DOWNSTAIRS,Dynamic,12900,13500,600,12.0,5.83827,-1.071809,False
57,28,3,WALKING_DOWNSTAIRS,Dynamic,14340,14910,570,11.4,6.291696,-0.786575,False
57,28,3,WALKING_DOWNSTAIRS,Dynamic,15784,16320,536,10.72,6.969212,-0.360374,False
58,29,3,WALKING_DOWNSTAIRS,Dynamic,12706,13330,624,12.48,6.344424,-0.753406,False
58,29,3,WALKING_DOWNSTAIRS,Dynamic,14527,15132,605,12.1,6.350739,-0.749433,False
58,29,3,WALKING_DOWNSTAIRS,Dynamic,16280,16882,602,12.04,6.266709,-0.802294,False
59,29,3,WALKING_DOWNSTAIRS,Dynamic,12143,12724,581,11.62,6.127797,-0.889678,False
59,29,3,WALKING_DOWNSTAIRS,Dynamic,13784,14375,591,11.82,6.240988,-0.818473,False
59,29,3,WALKING_DOWNSTAIRS,Dynamic,15410,16005,595,11.9,6.262126,-0.805176,False
60,30,3,WALKING_DOWNSTAIRS,Dynamic,16494,17316,822,16.44,6.841799,-0.440525,False
60,30,3,WALKING_DOWNSTAIRS,Dynamic,18594,19473,879,17.58,7.339547,-0.12741,False
60,30,3,WALKING_DOWNSTAIRS,Dynamic,20762,21555,793,15.86,6.713747,-0.521078,False
61,30,3,WALKING_DOWNSTAIRS,Dynamic,12956,13637,681,13.62,6.20715,-0.83976,False
61,30,3,WALKING_DOWNSTAIRS,Dynamic,14751,15427,676,13.52,6.348761,-0.750678,False
61,30,3,WALKING_DOWNSTAIRS,Dynamic,16546,17250,704,14.08,7.036536,-0.318023,False
1,1,4,SITTING,Static,1393,2194,801,16.02,12.045282,2.192309,True
1,1,4,SITTING,Static,4736,5667,931,18.62,6.045703,-0.531536,False
2,1,4,SITTING,Static,1433,2221,788,15.76,7.011165,-0.09321,False
2,1,4,SITTING,Static,4620,5452,832,16.64,5.679559,-0.697768,False
3,2,4,SITTING,Static,1686,2627,941,18.82,6.187256,-0.46727,False
3,2,4,SITTING,Static,5418,6190,772,15.44,6.553903,-0.30081,False
4,2,4,SITTING,Static,1512,2309,797,15.94,6.164439,-0.477629,False
4,2,4,SITTING,Static,4491,5301,810,16.2,6.700708,-0.23416,False
5,3,4,SITTING,Static,1507,2360,853,17.06,12.470979,2.385578,True
5,3,4,SITTING,Static,5075,6059,984,19.68,5.541829,-0.760298,False
6,3,4,SITTING,Static,1684,2515,831,16.62,5.757676,-0.662302,False
6,3,4,SITTING,Static,5409,6410,1001,20.02,11.861008,2.108648,True
7,4,4,SITTING,Static,1528,2381,853,17.06,5.951523,-0.574294,False
7,4,4,SITTING,Static,5032,5896,864,17.28,5.906362,-0.594798,False
8,4,4,SITTING,Static,1471,2430,959,19.18,7.471854,0.115945,False
8,4,4,SITTING,Static,4785,5600,815,16.3,7.157194,-0.026912,False
9,5,4,SITTING,Static,1387,2199,812,16.24,7.925823,0.32205,False
9,5,4,SITTING,Static,4856,5686,830,16.6,6.634423,-0.264254,False
10,5,4,SITTING,Static,1388,2182,794,15.88,5.661577,-0.705932,False
10,5,4,SITTING,Static,4667,5429,762,15.24,6.282899,-0.423848,False
11,6,4,SITTING,Static,1302,2315,1013,20.26,5.541025,-0.760663,False
11,6,4,SITTING,Static,5081,6138,1057,21.14,14.91716,3.496159,True
12,6,4,SITTING,Static,1370,2202,832,16.64,6.743388,-0.214783,False
12,6,4,SITTING,Static,4667,5732,1065,21.3,12.379704,2.344139,True
13,7,4,SITTING,Static,1613,2477,864,17.28,12.108842,2.221166,True
13,7,4,SITTING,Static,4893,5832,939,18.78,5.676802,-0.699019,False
14,7,4,SITTING,Static,1478,2347,869,17.38,10.850963,1.650081,False
14,7,4,SITTING,Static,4637,5382,745,14.9,6.019573,-0.543399,False
15,8,4,SITTING,Static,1304,1926,622,12.44,8.399447,0.537078,False
15,8,4,SITTING,Static,4102,5081,979,19.58,5.741347,-0.669716,False
16,8,4,SITTING,Static,1443,2209,766,15.32,7.142093,-0.033768,False
16,8,4,SITTING,Static,4732,5656,924,18.48,5.454355,-0.800012,False
17,9,4,SITTING,Static,1331,2156,825,16.5,5.856727,-0.617332,False
17,9,4,SITTING,Static,4461,5585,1124,22.48,6.870549,-0.157051,False
18,9,4,SITTING,Static,1592,2454,862,17.24,18.220622,4.995951,True
18,9,4,SITTING,Static,4831,5794,963,19.26,7.657777,0.200355,False
19,10,4,SITTING,Static,1371,2238,867,17.34,8.309429,0.496209,False
19,10,4,SITTING,Static,4825,5702,877,17.54,5.969816,-0.565989,False
20,10,4,SITTING,Static,1362,2540,1178,23.56,9.366812,0.976268,False
20,10,4,SITTING,Static,4619,5583,964,19.28,7.666636,0.204377,False
22,11,4,SITTING,Static,1375,2379,1004,20.08,6.305165,-0.413739,False
22,11,4,SITTING,Static,4735,5572,837,16.74,6.088864,-0.511941,False
23,11,4,SITTING,Static,1888,2939,1051,21.02,6.41593,-0.363451,False
23,11,4,SITTING,Static,5520,6437,917,18.34,5.551617,-0.755854,False
24,12,4,SITTING,Static,1474,2338,864,17.28,6.333954,-0.400668,False
24,12,4,SITTING,Static,5261,6417,1156,23.12,5.830924,-0.629047,False
25,12,4,SITTING,Static,1944,2651,707,14.14,9.645406,1.102751,False
25,12,4,SITTING,Static,5267,6420,1153,23.06,6.202963,-0.460139,False
26,13,4,SITTING,Static,1712,2616,904,18.08,5.56162,-0.751313,False
26,13,4,SITTING,Static,5057,5881,824,16.48,6.537177,-0.308404,False
27,13,4,SITTING,Static,1682,2422,740,14.8,6.427821,-0.358052,False
27,13,4,SITTING,Static,5166,6200,1034,20.68,5.608666,-0.729953,False
28,14,4,SITTING,Static,1671,2549,878,17.56,6.029193,-0.539032,False
28,14,4,SITTING,Static,5078,6034,956,19.12,6.434881,-0.354847,False
29,14,4,SITTING,Static,1557,2578,1021,20.42,5.463471,-0.795873,False
29,14,4,SITTING,Static,5020,6034,1014,20.28,7.716492,0.227012,False
30,15,4,SITTING,Static,1306,2172,866,17.32,6.63045,-0.266057,False
30,15,4,SITTING,Static,4656,5763,1107,22.14,6.624381,-0.268812,False
31,15,4,SITTING,Static,1368,2448,1080,21.6,6.597484,-0.281024,False
31,15,4,SITTING,Static,5099,6322,1223,24.46,7.041235,-0.079558,False
32,16,4,SITTING,Static,1999,3031,1032,20.64,10.015594,1.270819,False
32,16,4,SITTING,Static,5902,6944,1042,20.84,6.434141,-0.355183,False
33,16,4,SITTING,Static,2264,3774,1510,30.2,6.960553,-0.116189,False
33,16,4,SITTING,Static,6853,7928,1075,21.5,6.0862,-0.51315,False
34,17,4,SITTING,Static,2708,3823,1115,22.3,5.947073,-0.576315,False
34,17,4,SITTING,Static,6574,7787,1213,24.26,7.049487,-0.075812,False
35,17,4,SITTING,Static,1835,2969,1134,22.68,6.930007,-0.130057,False
35,17,4,SITTING,Static,6083,7145,1062,21.24,6.45155,-0.347279,False
36,18,4,SITTING,Static,2506,3549,1043,20.86,6.184731,-0.468417,False
36,18,4,SITTING,Static,6894,8115,1221,24.42,5.974121,-0.564035,False
37,18,4,SITTING,Static,2360,3318,958,19.16,5.6637,-0.704968,False
37,18,4,SITTING,Static,6288,7356,1068,21.36,6.02207,-0.542265,False
38,19,4,SITTING,Static,2977,4274,1297,25.94,11.560956,1.972422,False
38,19,4,SITTING,Static,7757,9036,1279,25.58,6.889312,-0.148533,False
39,19,4,SITTING,Static,1887,2935,1048,20.96,13.78311,2.981294,True
39,19,4,SITTING,Static,6247,7654,1407,28.14,5.860724,-0.615517,False
40,20,4,SITTING,Static,2273,3617,1344,26.88,6.02904,-0.539101,False
40,20,4,SITTING,Static,6938,8038,1100,22.0,5.546054,-0.75838,False
41,20,4,SITTING,Static,1933,2939,1006,20.12,9.254652,0.925346,False
41,20,4,SITTING,Static,6102,7321,1219,24.38,6.532375,-0.310584,False
42,21,4,SITTING,Static,2176,3748,1572,31.44,7.73402,0.23497,False
42,21,4,SITTING,Static,7391,9012,1621,32.42,7.343199,0.057535,False
43,21,4,SITTING,Static,2013,3281,1268,25.36,5.713761,-0.682239,False
43,21,4,SITTING,Static,7009,8388,1379,27.58,6.975537,-0.109386,False
44,22,4,SITTING,Static,1911,2991,1080,21.6,7.27886,0.028325,False
44,22,4,SITTING,Static,5679,6896,1217,24.34,5.628655,-0.720878,False
45,22,4,SITTING,Static,2198,3206,1008,20.16,6.311302,-0.410952,False
45,22,4,SITTING,Static,6056,7134,1078,21.56,6.793588,-0.191992,False
46,23,4,SITTING,Static,2609,3914,1305,26.1,6.231052,-0.447386,False
46,23,4,SITTING,Static,6645,7992,1347,26.94,6.417601,-0.362692,False
47,23,4,SITTING,Static,1820,2774,954,19.08,5.46607,-0.794693,False
47,23,4,SITTING,Static,6213,7340,1127,22.54,7.026717,-0.08615,False
48,24,4,SITTING,Static,1877,3242,1365,27.3,5.830991,-0.629017,False
48,24,4,SITTING,Static,6479,7573,1094,21.88,5.901785,-0.596876,False
49,24,4,SITTING,Static,1974,3033,1059,21.18,5.550692,-0.756274,False
49,24,4,SITTING,Static,6008,7381,1373,27.46,6.074274,-0.518564,False
50,25,4,SITTING,Static,1887,3046,1159,23.18,8.081573,0.392761,False
50,25,4,SITTING,Static,6305,7527,1222,24.44,5.784875,-0.649953,False
51,25,4,SITTING,Static,1727,2766,1039,20.78,5.764146,-0.659365,False
51,25,4,SITTING,Static,6197,7326,1129,22.58,6.054033,-0.527754,False
52,26,4,SITTING,Static,2139,3607,1468,29.36,12.283,2.300234,True
52,26,4,SITTING,Static,6386,7998,1612,32.24,6.904049,-0.141842,False
53,26,4,SITTING,Static,2026,3160,1134,22.68,6.458273,-0.344227,False
53,26,4,SITTING,Static,6138,7380,1242,24.84,5.563844,-0.750303,False
54,27,4,SITTING,Static,1895,3158,1263,25.26,8.088384,0.395853,False
54,27,4,SITTING,Static,6168,7523,1355,27.1,5.839926,-0.62496,False
55,27,4,SITTING,Static,2305,3439,1134,22.68,6.086449,-0.513037,False
55,27,4,SITTING,Static,6873,8117,1244,24.88,6.019908,-0.543247,False
56,28,4,SITTING,Static,2095,3535,1440,28.8,11.036472,1.734303,False
56,28,4,SITTING,Static,7545,9140,1595,31.9,7.278837,0.028315,False
57,28,4,SITTING,Static,2418,3474,1056,21.12,9.756942,1.153389,False
57,28,4,SITTING,Static,7069,8105,1036,20.72,6.956511,-0.118024,False
58,29,4,SITTING,Static,1760,2803,1043,20.86,6.106022,-0.504151,False
58,29,4,SITTING,Static,5768,6717,949,18.98,5.674778,-0.699938,False
59,29,4,SITTING,Static,1770,2868,1098,21.96,5.996614,-0.553823,False
59,29,4,SITTING,Static,5814,6917,1103,22.06,5.833396,-0.627924,False
60,30,4,SITTING,Static,4693,5703,1010,20.2,10.535757,1.506976,False
60,30,4,SITTING,Static,8725,10029,1304,26.08,6.471213,-0.338352,False
61,30,4,SITTING,Static,1839,2772,933,18.66,9.033182,0.824797,False
61,30,4,SITTING,Static,5897,7165,1268,25.36,5.962915,-0.569122,False
1,1,5,STANDING,Static,250,1232,982,19.64,7.482024,-0.089435,False
1,1,5,STANDING,Static,2360,3374,1014,20.28,8.675519,0.794862,False
2,1,5,STANDING,Static,251,1226,975,19.5,7.808996,0.152828,False
2,1,5,STANDING,Static,2378,3304,926,18.52,8.054917,0.335038,False
3,2,5,STANDING,Static,298,1398,1100,22.0,6.491066,-0.823667,False
3,2,5,STANDING,Static,2770,3904,1134,22.68,8.48531,0.65393,False
4,2,5,STANDING,Static,524,1351,827,16.54,7.722288,0.088583,False
4,2,5,STANDING,Static,2449,3337,888,17.76,9.604943,1.483501,False
5,3,5,STANDING,Static,243,1364,1121,22.42,9.495469,1.402389,False
5,3,5,STANDING,Static,2471,3618,1147,22.94,6.282448,-0.978239,False
6,3,5,STANDING,Static,482,1493,1011,20.22,6.095344,-1.11687,False
6,3,5,STANDING,Static,2699,3873,1174,23.48,6.559188,-0.773194,False
7,4,5,STANDING,Static,198,1291,1093,21.86,7.358849,-0.1807,False
7,4,5,STANDING,Static,2512,3416,904,18.08,8.592171,0.733107,False
8,4,5,STANDING,Static,230,1292,1062,21.24,8.76483,0.861035,False
8,4,5,STANDING,Static,2574,3438,864,17.28,8.718194,0.826481,False
9,5,5,STANDING,Static,136,1221,1085,21.7,8.305336,0.520582,False
9,5,5,STANDING,Static,2326,3314,988,19.76,8.776528,0.869703,False
10,5,5,STANDING,Static,153,1152,999,19.98,6.848802,-0.55861,False
10,5,5,STANDING,Static,2312,3283,971,19.42,8.581007,0.724835,False
11,6,5,STANDING,Static,210,1116,906,18.12,6.510528,-0.809247,False
11,6,5,STANDING,Static,2430,3666,1236,24.72,7.359693,-0.180075,False
12,6,5,STANDING,Static,207,1218,1011,20.22,6.950654,-0.483144,False
12,6,5,STANDING,Static,2335,3263,928,18.56,9.488087,1.396919,False
13,7,5,STANDING,Static,468,1498,1030,20.6,6.637996,-0.714803,False
13,7,5,STANDING,Static,2571,3498,927,18.54,7.340672,-0.194168,False
14,7,5,STANDING,Static,505,1387,882,17.64,6.534638,-0.791383,False
14,7,5,STANDING,Static,2422,3423,1001,20.02,7.201596,-0.297214,False
15,8,5,STANDING,Static,269,1192,923,18.46,6.893371,-0.525587,False
15,8,5,STANDING,Static,2001,2804,803,16.06,8.039153,0.323358,False
16,8,5,STANDING,Static,202,1313,1111,22.22,6.980669,-0.460905,False
16,8,5,STANDING,Static,2324,3484,1160,23.2,9.470757,1.384078,False
17,9,5,STANDING,Static,453,1212,759,15.18,7.169394,-0.321073,False
17,9,5,STANDING,Static,2263,3234,971,19.42,7.730732,0.09484,False
18,9,5,STANDING,Static,660,1459,799,15.98,7.813017,0.155807,False
18,9,5,STANDING,Static,2552,3522,970,19.4,10.513705,2.156831,True
19,10,5,STANDING,Static,388,1237,849,16.98,6.324518,-0.947068,False
19,10,5,STANDING,Static,2459,3353,894,17.88,7.577353,-0.018804,False
20,10,5,STANDING,Static,423,1249,826,16.52,7.151181,-0.334567,False
20,10,5,STANDING,Static,2750,3544,794,15.88,8.092497,0.362883,False
22,11,5,STANDING,Static,415,1233,818,16.36,7.645015,0.031329,False
22,11,5,STANDING,Static,2512,3360,848,16.96,6.477684,-0.833582,False
23,11,5,STANDING,Static,698,1715,1017,20.34,7.407346,-0.144767,False
23,11,5,STANDING,Static,3072,3993,921,18.42,7.262978,-0.251734,False
24,12,5,STANDING,Static,512,1298,786,15.72,7.379556,-0.165357,False
24,12,5,STANDING,Static,2580,3725,1145,22.9,6.261294,-0.993913,False
25,12,5,STANDING,Static,189,1753,1564,31.28,7.609801,0.005238,False
25,12,5,STANDING,Static,2790,3635,845,16.9,6.669596,-0.691389,False
26,13,5,STANDING,Static,304,1423,1119,22.38,6.265474,-0.990816,False
26,13,5,STANDING,Static,2759,3728,969,19.38,10.440176,2.102351,True
27,13,5,STANDING,Static,474,1431,957,19.14,6.554917,-0.776358,False
27,13,5,STANDING,Static,2582,3788,1206,24.12,7.336199,-0.197482,False
28,14,5,STANDING,Static,210,1372,1162,23.24,7.006997,-0.441398,False
28,14,5,STANDING,Static,2686,3654,968,19.36,9.001044,1.036053,False
29,14,5,STANDING,Static,342,1379,1037,20.74,8.431401,0.613987,False
29,14,5,STANDING,Static,2719,3811,1092,21.84,11.688963,3.027616,True
30,15,5,STANDING,Static,239,1161,922,18.44,6.864187,-0.54721,False
30,15,5,STANDING,Static,2283,3369,1086,21.72,7.27119,-0.245649,False
31,15,5,STANDING,Static,185,1229,1044,20.88,6.353987,-0.925233,False
31,15,5,STANDING,Static,2602,3489,887,17.74,8.761177,0.858328,False
32,16,5,STANDING,Static,475,1818,1343,26.86,7.695793,0.068952,False
32,16,5,STANDING,Static,3141,4295,1154,23.08,7.183564,-0.310574,False
33,16,5,STANDING,Static,420,2088,1668,33.36,8.007695,0.30005,False
33,16,5,STANDING,Static,3884,5145,1261,25.22,7.132153,-0.348666,False
34,17,5,STANDING,Static,398,2429,2031,40.62,9.397853,1.330061,False
34,17,5,STANDING,Static,3977,5073,1096,21.92,8.773629,0.867555,False
35,17,5,STANDING,Static,414,1680,1266,25.32,6.409297,-0.884253,False
35,17,5,STANDING,Static,3128,4409,1281,25.62,6.762902,-0.622256,False
36,18,5,STANDING,Static,704,2198,1494,29.88,6.721596,-0.652861,False
36,18,5,STANDING,Static,3732,5183,1451,29.02,6.288487,-0.973764,False
37,18,5,STANDING,Static,827,2132,1305,26.1,6.583171,-0.755424,False
37,18,5,STANDING,Static,3495,4683,1188,23.76,8.12125,0.384187,False
38,19,5,STANDING,Static,1417,2797,1380,27.6,6.693961,-0.673336,False
38,19,5,STANDING,Static,4410,5872,1462,29.24,6.894923,-0.524438,False
39,19,5,STANDING,Static,518,1723,1205,24.1,6.618394,-0.729326,False
39,19,5,STANDING,Static,3058,4206,1148,22.96,10.844949,2.40226,True
40,20,5,STANDING,Static,594,2071,1477,29.54,6.386778,-0.900938,False
40,20,5,STANDING,Static,3800,5014,1214,24.28,5.922811,-1.244705,False
41,20,5,STANDING,Static,303,1713,1410,28.2,9.62762,1.500303,False
41,20,5,STANDING,Static,3061,4293,1232,24.64,10.586668,2.210892,True
42,21,5,STANDING,Static,385,1998,1613,32.26,7.718583,0.085838,False
42,21,5,STANDING,Static,3895,5564,1669,33.38,9.080849,1.095183,False
43,21,5,STANDING,Static,279,1872,1593,31.86,7.768201,0.122601,False
43,21,5,STANDING,Static,3400,4933,1533,30.66,9.38011,1.316915,False
44,22,5,STANDING,Static,599,1696,1097,21.94,5.793613,-1.340432,False
44,22,5,STANDING,Static,3096,4246,1150,23.0,6.864224,-0.547183,False
45,22,5,STANDING,Static,836,2078,1242,24.84,5.925591,-1.242646,False
45,22,5,STANDING,Static,3313,4381,1068,21.36,7.102625,-0.370544,False
46,23,5,STANDING,Static,1186,2465,1279,25.58,7.623955,0.015726,False
46,23,5,STANDING,Static,4036,5179,1143,22.86,9.748406,1.589797,False
47,23,5,STANDING,Static,424,1597,1173,23.46,6.650782,-0.705329,False
47,23,5,STANDING,Static,2925,4223,1298,25.96,10.599634,2.220498,True
48,24,5,STANDING,Static,484,1705,1221,24.42,6.230369,-1.016826,False
48,24,5,STANDING,Static,3352,4513,1161,23.22,6.738714,-0.640177,False
49,24,5,STANDING,Static,483,1786,1303,26.06,5.991694,-1.193668,False
49,24,5,STANDING,Static,3158,4357,1199,23.98,6.766144,-0.619854,False
50,25,5,STANDING,Static,409,1748,1339,26.78,8.011729,0.303039,False
50,25,5,STANDING,Static,3199,4462,1263,25.26,8.570113,0.716763,False
51,25,5,STANDING,Static,236,1507,1271,25.42,6.473944,-0.836353,False
51,25,5,STANDING,Static,2940,4287,1347,26.94,6.688412,-0.677447,False
52,26,5,STANDING,Static,314,2009,1695,33.9,7.090022,-0.379882,False
52,26,5,STANDING,Static,3790,4839,1049,20.98,6.838793,-0.566025,False
53,26,5,STANDING,Static,543,1874,1331,26.62,6.283345,-0.977574,False
53,26,5,STANDING,Static,3263,4479,1216,24.32,8.67553,0.79487,False
54,27,5,STANDING,Static,462,1726,1264,25.28,7.23082,-0.275561,False
54,27,5,STANDING,Static,3257,4563,1306,26.12,6.190392,-1.046446,False
55,27,5,STANDING,Static,415,2116,1701,34.02,7.62687,0.017885,False
55,27,5,STANDING,Static,3541,4906,1365,27.3,5.991021,-1.194166,False
56,28,5,STANDING,Static,369,1835,1466,29.32,6.193539,-1.044115,False
56,28,5,STANDING,Static,3674,5148,1474,29.48,6.919583,-0.506166,False
57,28,5,STANDING,Static,1166,2255,1089,21.78,5.878695,-1.277392,False
57,28,5,STANDING,Static,3596,5005,1409,28.18,6.837281,-0.567146,False
58,29,5,STANDING,Static,424,1602,1178,23.56,7.481195,-0.09005,False
58,29,5,STANDING,Static,2979,4054,1075,21.5,6.810901,-0.586691,False
59,29,5,STANDING,Static,557,1600,1043,20.86,7.605114,0.001765,False
59,29,5,STANDING,Static,3003,4396,1393,27.86,6.404801,-0.887584,False
60,30,5,STANDING,Static,3734,4579,845,16.9,6.697809,-0.670485,False
60,30,5,STANDING,Static,5855,7131,1276,25.52,13.48776,4.360401,True
61,30,5,STANDING,Static,574,1622,1048,20.96,6.830862,-0.571902,False
61,30,5,STANDING,Static,2901,4197,1296,25.92,9.699811,1.553791,False
1,1,6,LAYING,Static,3663,4538,875,17.5,6.31825,-0.347533,False
1,1,6,LAYING,Static,5860,6786,926,18.52,21.533428,6.041932,True
2,1,6,LAYING,Static,3573,4435,862,17.24,7.14082,-0.002103,False
2,1,6,LAYING,Static,5690,6467,777,15.54,15.013699,3.304035,True
3,2,6,LAYING,Static,4323,5139,816,16.32,6.577574,-0.238633,False
3,2,6,LAYING,Static,6416,7367,951,19.02,6.033624,-0.467059,False
4,2,6,LAYING,Static,3543,4348,805,16.1,5.891548,-0.526723,False
4,2,6,LAYING,Static,5456,6417,961,19.22,5.567514,-0.662797,False
5,3,6,LAYING,Static,3835,4850,1015,20.3,6.416855,-0.306125,False
5,3,6,LAYING,Static,6211,7378,1167,23.34,5.537932,-0.67522,False
6,3,6,LAYING,Static,4109,5211,1102,22.04,5.591594,-0.652685,False
6,3,6,LAYING,Static,6581,7720,1139,22.78,5.956862,-0.499295,False
7,4,6,LAYING,Static,3749,4816,1067,21.34,5.422743,-0.723593,False
7,4,6,LAYING,Static,6121,7109,988,19.76,5.576413,-0.65906,False
8,4,6,LAYING,Static,3758,4574,816,16.32,6.297967,-0.356051,False
8,4,6,LAYING,Static,5836,6681,845,16.9,6.190118,-0.401341,False
9,5,6,LAYING,Static,3661,4599,938,18.76,6.208958,-0.393429,False
9,5,6,LAYING,Static,5907,6876,969,19.38,6.378923,-0.322054,False
10,5,6,LAYING,Static,3599,4463,864,17.28,6.210697,-0.392699,False
10,5,6,LAYING,Static,5689,6564,875,17.5,6.317609,-0.347802,False
11,6,6,LAYING,Static,3980,4907,927,18.54,7.099406,-0.019494,False
11,6,6,LAYING,Static,6297,7335,1038,20.76,6.804092,-0.143509,False
12,6,6,LAYING,Static,3544,4501,957,19.14,7.117751,-0.011791,False
12,6,6,LAYING,Static,5891,6944,1053,21.06,6.779421,-0.153869,False
13,7,6,LAYING,Static,3837,4746,909,18.18,6.865914,-0.117547,False
13,7,6,LAYING,Static,6090,6998,908,18.16,7.016312,-0.054389,False
14,7,6,LAYING,Static,3624,4513,889,17.78,5.946513,-0.503641,False
14,7,6,LAYING,Static,5572,6406,834,16.68,5.867907,-0.536651,False
15,8,6,LAYING,Static,3016,3941,925,18.5,5.790128,-0.569313,False
15,8,6,LAYING,Static,5248,6149,901,18.02,5.769013,-0.57818,False
16,8,6,LAYING,Static,3681,4595,914,18.28,6.780217,-0.153535,False
16,8,6,LAYING,Static,5804,6918,1114,22.28,7.026255,-0.050214,False
17,9,6,LAYING,Static,3423,4283,860,17.2,7.720348,0.241264,False
17,9,6,LAYING,Static,5790,6682,892,17.84,7.649673,0.211585,False
18,9,6,LAYING,Static,3782,4702,920,18.4,8.566942,0.596783,False
18,9,6,LAYING,Static,5956,7111,1155,23.1,8.312945,0.490119,False
19,10,6,LAYING,Static,3583,4655,1072,21.44,8.426648,0.537868,False
19,10,6,LAYING,Static,5884,6919,1035,20.7,10.096399,1.239063,False
20,10,6,LAYING,Static,3698,4504,806,16.12,15.993504,3.715495,True
20,10,6,LAYING,Static,5743,7007,1264,25.28,10.602547,1.451615,False
22,11,6,LAYING,Static,3554,4555,1001,20.02,6.676043,-0.197281,False
22,11,6,LAYING,Static,5758,6865,1107,22.14,6.635511,-0.214303,False
23,11,6,LAYING,Static,4181,5297,1116,22.32,7.718667,0.240558,False
23,11,6,LAYING,Static,6636,7474,838,16.76,7.444423,0.125392,False
24,12,6,LAYING,Static,4105,5082,977,19.54,5.6566,-0.625387,False
24,12,6,LAYING,Static,6591,7547,956,19.12,6.278427,-0.364256,False
25,12,6,LAYING,Static,3803,5087,1284,25.68,6.867628,-0.116827,False
25,12,6,LAYING,Static,6603,7687,1084,21.68,6.787963,-0.150282,False
26,13,6,LAYING,Static,3924,4866,942,18.84,6.70115,-0.186738,False
26,13,6,LAYING,Static,6108,7364,1256,25.12,6.321982,-0.345966,False
27,13,6,LAYING,Static,3980,4972,992,19.84,6.543695,-0.25286,False
27,13,6,LAYING,Static,6413,7498,1085,21.7,6.28556,-0.361261,False
28,14,6,LAYING,Static,3997,4851,854,17.08,5.919365,-0.515041,False
28,14,6,LAYING,Static,6324,7119,795,15.9,6.423037,-0.303529,False
29,14,6,LAYING,Static,4076,4872,796,15.92,10.19316,1.279697,False
29,14,6,LAYING,Static,6207,7220,1013,20.26,8.288465,0.479839,False
30,15,6,LAYING,Static,3564,4489,925,18.5,7.677837,0.223412,False
30,15,6,LAYING,Static,5966,7515,1549,30.98,11.516944,1.835608,False
31,15,6,LAYING,Static,3753,4929,1176,23.52,7.073074,-0.030552,False
31,15,6,LAYING,Static,6528,7985,1457,29.14,8.00048,0.358903,False
32,16,6,LAYING,Static,4531,5717,1186,23.72,7.089712,-0.023565,False
32,16,6,LAYING,Static,7140,8355,1215,24.3,6.905921,-0.100747,False
33,16,6,LAYING,Static,5338,6669,1331,26.62,7.950542,0.337932,False
33,16,6,LAYING,Static,8110,9260,1150,23.0,7.608093,0.194124,False
34,17,6,LAYING,Static,5312,6362,1050,21.0,6.264665,-0.370036,False
34,17,6,LAYING,Static,8100,9588,1488,29.76,6.507656,-0.267994,False
35,17,6,LAYING,Static,4746,5811,1065,21.3,6.110574,-0.434745,False
35,17,6,LAYING,Static,7348,8875,1527,30.54,8.059312,0.383609,False
36,18,6,LAYING,Static,5481,6648,1167,23.34,5.88451,-0.529678,False
36,18,6,LAYING,Static,8367,9677,1310,26.2,6.141068,-0.421939,False
37,18,6,LAYING,Static,4928,6122,1194,23.88,5.571547,-0.661104,False
37,18,6,LAYING,Static,7556,8787,1231,24.62,5.763473,-0.580507,False
38,19,6,LAYING,Static,6129,7559,1430,28.6,6.191904,-0.400591,False
38,19,6,LAYING,Static,9213,10638,1425,28.5,5.947997,-0.503017,False
39,19,6,LAYING,Static,4527,6096,1569,31.38,7.938356,0.332815,False
39,19,6,LAYING,Static,7858,9194,1336,26.72,6.885797,-0.109197,False
40,20,6,LAYING,Static,5570,6781,1211,24.22,6.084507,-0.445691,False
40,20,6,LAYING,Static,8336,9351,1015,20.3,5.833884,-0.550938,False
41,20,6,LAYING,Static,4659,5909,1250,25.0,6.655304,-0.205991,False
41,20,6,LAYING,Static,7769,8975,1206,24.12,6.548508,-0.250838,False
42,21,6,LAYING,Static,5878,7186,1308,26.16,6.212411,-0.391979,False
42,21,6,LAYING,Static,9215,10909,1694,33.88,6.825114,-0.134681,False
43,21,6,LAYING,Static,5208,6812,1604,32.08,6.990522,-0.065219,False
43,21,6,LAYING,Static,8601,10112,1511,30.22,6.121875,-0.429999,False
44,22,6,LAYING,Static,4420,5493,1073,21.46,5.862601,-0.538879,False
44,22,6,LAYING,Static,7033,8517,1484,29.68,5.748117,-0.586955,False
45,22,6,LAYING,Static,4521,5894,1373,27.46,10.00469,1.200551,False
45,22,6,LAYING,Static,7294,8359,1065,21.3,6.367257,-0.326953,False
46,23,6,LAYING,Static,5433,6470,1037,20.74,6.132183,-0.42567,False
46,23,6,LAYING,Static,8206,9462,1256,25.12,5.930148,-0.510513,False
47,23,6,LAYING,Static,4484,6041,1557,31.14,6.52623,-0.260194,False
47,23,6,LAYING,Static,7560,8660,1100,22.0,5.942127,-0.505482,False
48,24,6,LAYING,Static,5008,6268,1260,25.2,5.319253,-0.767052,False
48,24,6,LAYING,Static,7808,9088,1280,25.6,6.537411,-0.255499,False
49,24,6,LAYING,Static,4606,5827,1221,24.42,5.350796,-0.753806,False
49,24,6,LAYING,Static,7588,8838,1250,25.0,5.301712,-0.774418,False
50,25,6,LAYING,Static,4648,6024,1376,27.52,16.7981,4.053377,True
50,25,6,LAYING,Static,7727,8784,1057,21.14,5.505209,-0.688962,False
51,25,6,LAYING,Static,4529,5981,1452,29.04,11.636844,1.885958,False
51,25,6,LAYING,Static,7508,8835,1327,26.54,12.17747,2.112989,True
52,26,6,LAYING,Static,5018,6223,1205,24.1,5.882486,-0.530528,False
52,26,6,LAYING,Static,8184,9360,1176,23.52,6.312642,-0.349888,False
53,26,6,LAYING,Static,4647,5963,1316,26.32,5.757193,-0.583144,False
53,26,6,LAYING,Static,7594,9134,1540,30.8,6.510926,-0.266621,False
54,27,6,LAYING,Static,4780,6013,1233,24.66,5.891225,-0.526858,False
54,27,6,LAYING,Static,7751,9065,1314,26.28,5.737106,-0.591579,False
55,27,6,LAYING,Static,5072,6723,1651,33.02,7.845569,0.293849,False
55,27,6,LAYING,Static,8343,9393,1050,21.0,5.957091,-0.499198,False
56,28,6,LAYING,Static,5721,6957,1236,24.72,10.371535,1.354604,False
56,28,6,LAYING,Static,9367,10978,1611,32.22,6.331667,-0.341899,False
57,28,6,LAYING,Static,5475,6758,1283,25.66,10.681726,1.484866,False
57,28,6,LAYING,Static,8307,9573,1266,25.32,7.404308,0.108546,False
58,29,6,LAYING,Static,4289,5530,1241,24.82,5.939048,-0.506775,False
58,29,6,LAYING,Static,7044,8526,1482,29.64,6.427851,-0.301508,False
59,29,6,LAYING,Static,4584,5643,1059,21.18,5.66206,-0.623094,False
59,29,6,LAYING,Static,7119,8133,1014,20.28,5.610465,-0.644761,False
60,30,6,LAYING,Static,7288,8557,1269,25.38,5.256892,-0.79324,False
60,30,6,LAYING,Static,10213,11761,1548,30.96,5.847016,-0.545423,False
61,30,6,LAYING,Static,4447,5657,1210,24.2,5.69447,-0.609483,False
61,30,6,LAYING,Static,7458,8524,1066,21.32,5.719592,-0.598934,False
1,1,7,STAND_TO_SIT,Transition,1233,1392,159,3.18,6.684254,-0.801911,False
2,1,7,STAND_TO_SIT,Transition,1227,1432,205,4.1,6.109747,-1.239385,False
3,2,7,STAND_TO_SIT,Transition,1399,1555,156,3.12,10.004071,1.726051,False
4,2,7,STAND_TO_SIT,Transition,1352,1511,159,3.18,6.353127,-1.054057,False
5,3,7,STAND_TO_SIT,Transition,1365,1506,141,2.82,7.42129,-0.240675,False
6,3,7,STAND_TO_SIT,Transition,1494,1683,189,3.78,7.946673,0.159391,False
7,4,7,STAND_TO_SIT,Transition,1292,1527,235,4.7,8.453928,0.545654,False
8,4,7,STAND_TO_SIT,Transition,1293,1470,177,3.54,8.527503,0.60168,False
9,5,7,STAND_TO_SIT,Transition,1222,1386,164,3.28,7.66081,-0.058287,False
10,5,7,STAND_TO_SIT,Transition,1153,1387,234,4.68,6.548924,-0.904962,False
11,6,7,STAND_TO_SIT,Transition,1117,1301,184,3.68,6.606376,-0.861214,False
12,6,7,STAND_TO_SIT,Transition,1219,1369,150,3.0,11.246301,2.67198,True
13,7,7,STAND_TO_SIT,Transition,1499,1612,113,2.26,7.507274,-0.175201,False
14,7,7,STAND_TO_SIT,Transition,1388,1477,89,1.78,7.781978,0.03398,False
15,8,7,STAND_TO_SIT,Transition,1193,1303,110,2.2,7.219284,-0.394498,False
16,8,7,STAND_TO_SIT,Transition,1314,1442,128,2.56,6.925776,-0.617998,False
17,9,7,STAND_TO_SIT,Transition,1213,1330,117,2.34,8.563665,0.629216,False
18,9,7,STAND_TO_SIT,Transition,1460,1591,131,2.62,8.363035,0.476441,False
19,10,7,STAND_TO_SIT,Transition,1238,1370,132,2.64,8.634784,0.683371,False
20,10,7,STAND_TO_SIT,Transition,1250,1361,111,2.22,11.675081,2.998486,True
22,11,7,STAND_TO_SIT,Transition,1234,1374,140,2.8,7.33173,-0.308873,False
23,11,7,STAND_TO_SIT,Transition,1716,1887,171,3.42,6.764871,-0.740524,False
24,12,7,STAND_TO_SIT,Transition,1299,1473,174,3.48,6.610488,-0.858082,False
25,12,7,STAND_TO_SIT,Transition,1754,1943,189,3.78,7.847639,0.083979,False
26,13,7,STAND_TO_SIT,Transition,1574,1711,137,2.74,8.604996,0.660689,False
27,13,7,STAND_TO_SIT,Transition,1432,1681,249,4.98,6.869294,-0.661008,False
28,14,7,STAND_TO_SIT,Transition,1373,1670,297,5.94,7.672426,-0.049442,False
29,14,7,STAND_TO_SIT,Transition,1380,1556,176,3.52,8.735239,0.759865,False
30,15,7,STAND_TO_SIT,Transition,1162,1305,143,2.86,6.598036,-0.867564,False
31,15,7,STAND_TO_SIT,Transition,1230,1367,137,2.74,10.640498,2.210675,True
32,16,7,STAND_TO_SIT,Transition,1819,1998,179,3.58,9.476218,1.324104,False
33,16,7,STAND_TO_SIT,Transition,2089,2263,174,3.48,7.304008,-0.329984,False
34,17,7,STAND_TO_SIT,Transition,2430,2571,141,2.82,8.153887,0.31718,False
35,17,7,STAND_TO_SIT,Transition,1681,1834,153,3.06,6.957686,-0.593699,False
36,18,7,STAND_TO_SIT,Transition,2199,2505,306,6.12,8.203009,0.354585,False
37,18,7,STAND_TO_SIT,Transition,2133,2359,226,4.52,6.914885,-0.626291,False
38,19,7,STAND_TO_SIT,Transition,2798,2976,178,3.56,8.590128,0.649367,False
39,19,7,STAND_TO_SIT,Transition,1724,1886,162,3.24,10.59468,2.175786,True
40,20,7,STAND_TO_SIT,Transition,2072,2272,200,4.0,6.52716,-0.921535,False
41,20,7,STAND_TO_SIT,Transition,1714,1932,218,4.36,7.014089,-0.55075,False
42,21,7,STAND_TO_SIT,Transition,1999,2175,176,3.52,8.007549,0.205746,False
43,21,7,STAND_TO_SIT,Transition,1873,2012,139,2.78,7.578146,-0.121233,False
44,22,7,STAND_TO_SIT,Transition,1697,1910,213,4.26,6.944701,-0.603587,False
45,22,7,STAND_TO_SIT,Transition,2079,2197,118,2.36,7.610241,-0.096794,False
46,23,7,STAND_TO_SIT,Transition,2466,2608,142,2.84,9.165377,1.087405,False
47,23,7,STAND_TO_SIT,Transition,1598,1819,221,4.42,11.123557,2.578513,True
48,24,7,STAND_TO_SIT,Transition,1706,1876,170,3.4,6.731249,-0.766125,False
49,24,7,STAND_TO_SIT,Transition,1787,1973,186,3.72,6.368605,-1.042271,False
50,25,7,STAND_TO_SIT,Transition,1749,1886,137,2.74,7.370682,-0.279213,False
51,25,7,STAND_TO_SIT,Transition,1508,1726,218,4.36,7.539619,-0.150571,False
52,26,7,STAND_TO_SIT,Transition,2010,2138,128,2.56,7.493181,-0.185932,False
53,26,7,STAND_TO_SIT,Transition,1875,2025,150,3.0,6.384111,-1.030463,False
54,27,7,STAND_TO_SIT,Transition,1727,1894,167,3.34,6.756006,-0.747273,False
55,27,7,STAND_TO_SIT,Transition,2117,2304,187,3.74,6.392867,-1.023795,False
56,28,7,STAND_TO_SIT,Transition,1836,2094,258,5.16,7.545379,-0.146185,False
57,28,7,STAND_TO_SIT,Transition,2256,2417,161,3.22,6.371771,-1.039859,False
58,29,7,STAND_TO_SIT,Transition,1603,1759,156,3.12,6.636411,-0.838343,False
59,29,7,STAND_TO_SIT,Transition,1601,1769,168,3.36,6.478799,-0.95836,False
60,30,7,STAND_TO_SIT,Transition,4580,4692,112,2.24,7.048908,-0.524236,False
61,30,7,STAND_TO_SIT,Transition,1623,1838,215,4.3,7.049268,-0.523961,False
1,1,8,SIT_TO_STAND,Transition,2195,2359,164,3.28,6.5773,-0.948636,False
2,1,8,SIT_TO_STAND,Transition,2222,2377,155,3.1,6.257598,-1.207232,False
3,2,8,SIT_TO_STAND,Transition,2628,2769,141,2.82,7.615639,-0.108758,False
4,2,8,SIT_TO_STAND,Transition,2310,2448,138,2.76,7.227855,-0.422424,False
5,3,8,SIT_TO_STAND,Transition,2361,2470,109,2.18,8.067063,0.256384,False
6,3,8,SIT_TO_STAND,Transition,2516,2698,182,3.64,7.720648,-0.023819,False
7,4,8,SIT_TO_STAND,Transition,2382,2511,129,2.58,6.539065,-0.979563,False
8,4,8,SIT_TO_STAND,Transition,2431,2573,142,2.84,9.474854,1.395099,False
9,5,8,SIT_TO_STAND,Transition,2200,2325,125,2.5,8.050773,0.243207,False
10,5,8,SIT_TO_STAND,Transition,2183,2311,128,2.56,6.860049,-0.719929,False
11,6,8,SIT_TO_STAND,Transition,2316,2429,113,2.26,6.178372,-1.271316,False
12,6,8,SIT_TO_STAND,Transition,2203,2334,131,2.62,7.555062,-0.157757,False
13,7,8,SIT_TO_STAND,Transition,2478,2570,92,1.84,7.691493,-0.047402,False
14,7,8,SIT_TO_STAND,Transition,2348,2421,73,1.46,7.571848,-0.144179,False
15,8,8,SIT_TO_STAND,Transition,1927,2000,73,1.46,8.721681,0.785883,False
16,8,8,SIT_TO_STAND,Transition,2210,2323,113,2.26,6.955609,-0.642634,False
16,8,8,SIT_TO_STAND,Transition,7357,7473,116,2.32,9.624935,1.516495,False
17,9,8,SIT_TO_STAND,Transition,2157,2262,105,2.1,8.79316,0.8437,False
18,9,8,SIT_TO_STAND,Transition,2455,2551,96,1.92,9.378086,1.316827,False
19,10,8,SIT_TO_STAND,Transition,2239,2327,88,1.76,9.200078,1.172843,False
20,10,8,SIT_TO_STAND,Transition,2541,2618,77,1.54,11.575387,3.09415,True
22,11,8,SIT_TO_STAND,Transition,2380,2511,131,2.62,6.650435,-0.889479,False
23,11,8,SIT_TO_STAND,Transition,2940,3071,131,2.62,7.214885,-0.432914,False
24,12,8,SIT_TO_STAND,Transition,2339,2442,103,2.06,7.199045,-0.445727,False
25,12,8,SIT_TO_STAND,Transition,2652,2789,137,2.74,6.857526,-0.721971,False
26,13,8,SIT_TO_STAND,Transition,2617,2758,141,2.82,6.945343,-0.650938,False
27,13,8,SIT_TO_STAND,Transition,2423,2581,158,3.16,7.053955,-0.563086,False
28,14,8,SIT_TO_STAND,Transition,2550,2685,135,2.7,7.378958,-0.300201,False
29,14,8,SIT_TO_STAND,Transition,2579,2718,139,2.78,8.06526,0.254926,False
30,15,8,SIT_TO_STAND,Transition,2173,2282,109,2.18,6.627039,-0.908403,False
31,15,8,SIT_TO_STAND,Transition,2449,2601,152,3.04,6.927344,-0.665497,False
32,16,8,SIT_TO_STAND,Transition,3032,3140,108,2.16,7.927151,0.143214,False
33,16,8,SIT_TO_STAND,Transition,3775,3883,108,2.16,7.991722,0.195444,False
34,17,8,SIT_TO_STAND,Transition,3824,3976,152,3.04,9.21162,1.182178,False
35,17,8,SIT_TO_STAND,Transition,2970,3127,157,3.14,7.943236,0.156225,False
36,18,8,SIT_TO_STAND,Transition,3550,3731,181,3.62,7.570687,-0.145118,False
37,18,8,SIT_TO_STAND,Transition,3319,3494,175,3.5,6.53902,-0.979599,False
38,19,8,SIT_TO_STAND,Transition,4275,4409,134,2.68,7.981585,0.187244,False
39,19,8,SIT_TO_STAND,Transition,2936,3057,121,2.42,10.577245,2.286787,True
40,20,8,SIT_TO_STAND,Transition,3618,3799,181,3.62,10.890986,2.540562,True
41,20,8,SIT_TO_STAND,Transition,2940,3060,120,2.4,7.324384,-0.344345,False
42,21,8,SIT_TO_STAND,Transition,3749,3894,145,2.9,8.241431,0.397425,False
43,21,8,SIT_TO_STAND,Transition,3282,3399,117,2.34,6.916566,-0.674215,False
44,22,8,SIT_TO_STAND,Transition,2992,3095,103,2.06,7.024867,-0.586614,False
45,22,8,SIT_TO_STAND,Transition,3207,3312,105,2.1,6.628587,-0.907151,False
45,22,8,SIT_TO_STAND,Transition,8843,8934,91,1.82,8.390615,0.518094,False
46,23,8,SIT_TO_STAND,Transition,3915,4035,120,2.4,8.525038,0.626824,False
47,23,8,SIT_TO_STAND,Transition,2775,2924,149,2.98,11.510826,3.041929,True
48,24,8,SIT_TO_STAND,Transition,3243,3351,108,2.16,6.572605,-0.952434,False
49,24,8,SIT_TO_STAND,Transition,3034,3157,123,2.46,6.461061,-1.042658,False
50,25,8,SIT_TO_STAND,Transition,3047,3198,151,3.02,8.326032,0.465856,False
51,25,8,SIT_TO_STAND,Transition,2767,2939,172,3.44,7.932998,0.147943,False
52,26,8,SIT_TO_STAND,Transition,3608,3789,181,3.62,8.598767,0.686462,False
53,26,8,SIT_TO_STAND,Transition,3161,3262,101,2.02,7.153148,-0.482852,False
54,27,8,SIT_TO_STAND,Transition,3159,3256,97,1.94,7.930646,0.14604,False
55,27,8,SIT_TO_STAND,Transition,3440,3540,100,2.0,6.97648,-0.625752,False
56,28,8,SIT_TO_STAND,Transition,3536,3673,137,2.74,6.32897,-1.149502,False
57,28,8,SIT_TO_STAND,Transition,3475,3595,120,2.4,6.878198,-0.70525,False
58,29,8,SIT_TO_STAND,Transition,2804,2978,174,3.48,7.618887,-0.10613,False
59,29,8,SIT_TO_STAND,Transition,2869,3002,133,2.66,6.967872,-0.632715,False
60,30,8,SIT_TO_STAND,Transition,5704,5854,150,3.0,6.317449,-1.158821,False
61,30,8,SIT_TO_STAND,Transition,2773,2900,127,2.54,6.690932,-0.856723,False
1,1,9,SIT_TO_LIE,Transition,5668,5859,191,3.82,7.000051,-0.391186,False
2,1,9,SIT_TO_LIE,Transition,5453,5689,236,4.72,6.841932,-0.488832,False
3,2,9,SIT_TO_LIE,Transition,6191,6415,224,4.48,6.027808,-0.991595,False
4,2,9,SIT_TO_LIE,Transition,5302,5455,153,3.06,6.167167,-0.905534,False
5,3,9,SIT_TO_LIE,Transition,6060,6210,150,3.0,8.257356,0.385263,False
6,3,9,SIT_TO_LIE,Transition,6411,6580,169,3.38,6.775611,-0.529789,False
7,4,9,SIT_TO_LIE,Transition,5897,6120,223,4.46,5.907685,-1.065777,False
8,4,9,SIT_TO_LIE,Transition,5601,5835,234,4.68,8.132823,0.308358,False
9,5,9,SIT_TO_LIE,Transition,5687,5906,219,4.38,6.504973,-0.696922,False
10,5,9,SIT_TO_LIE,Transition,5430,5688,258,5.16,6.503426,-0.697877,False
11,6,9,SIT_TO_LIE,Transition,6139,6296,157,3.14,6.905042,-0.449859,False
12,6,9,SIT_TO_LIE,Transition,5733,5890,157,3.14,7.661747,0.017445,False
13,7,9,SIT_TO_LIE,Transition,5833,6089,256,5.12,7.163724,-0.29011,False
14,7,9,SIT_TO_LIE,Transition,5383,5571,188,3.76,6.406077,-0.757995,False
15,8,9,SIT_TO_LIE,Transition,5082,5247,165,3.3,7.987188,0.218421,False
16,8,9,SIT_TO_LIE,Transition,5657,5803,146,2.92,7.804872,0.105832,False
17,9,9,SIT_TO_LIE,Transition,5586,5789,203,4.06,7.719734,0.053254,False
18,9,9,SIT_TO_LIE,Transition,5795,5955,160,3.2,10.686873,1.885612,False
19,10,9,SIT_TO_LIE,Transition,5703,5883,180,3.6,15.002887,4.550968,True
20,10,9,SIT_TO_LIE,Transition,5584,5742,158,3.16,12.691793,3.123751,True
22,11,9,SIT_TO_LIE,Transition,5573,5757,184,3.68,7.563466,-0.043249,False
23,11,9,SIT_TO_LIE,Transition,6438,6635,197,3.94,7.536312,-0.060018,False
24,12,9,SIT_TO_LIE,Transition,6418,6590,172,3.44,5.902459,-1.069004,False
25,12,9,SIT_TO_LIE,Transition,6421,6602,181,3.62,7.385508,-0.153147,False
26,13,9,SIT_TO_LIE,Transition,5882,6107,225,4.5,6.856425,-0.479882,False
27,13,9,SIT_TO_LIE,Transition,6201,6412,211,4.22,6.694817,-0.579683,False
28,14,9,SIT_TO_LIE,Transition,6035,6323,288,5.76,7.544968,-0.054672,False
29,14,9,SIT_TO_LIE,Transition,6035,6206,171,3.42,10.043612,1.488366,False
30,15,9,SIT_TO_LIE,Transition,5764,5965,201,4.02,7.45056,-0.112974,False
31,15,9,SIT_TO_LIE,Transition,6323,6527,204,4.08,7.960879,0.202174,False
32,16,9,SIT_TO_LIE,Transition,6945,7139,194,3.88,7.051449,-0.359445,False
33,16,9,SIT_TO_LIE,Transition,7929,8109,180,3.6,8.1389,0.312111,False
34,17,9,SIT_TO_LIE,Transition,7788,8099,311,6.22,8.104962,0.291152,False
35,17,9,SIT_TO_LIE,Transition,7146,7347,201,4.02,7.175928,-0.282573,False
36,18,9,SIT_TO_LIE,Transition,8116,8366,250,5.0,6.65102,-0.60673,False
37,18,9,SIT_TO_LIE,Transition,7357,7555,198,3.96,7.131321,-0.31012,False
38,19,9,SIT_TO_LIE,Transition,9037,9212,175,3.5,12.14462,2.785845,True
39,19,9,SIT_TO_LIE,Transition,7655,7857,202,4.04,6.92447,-0.437861,False
40,20,9,SIT_TO_LIE,Transition,8039,8335,296,5.92,7.118411,-0.318093,False
41,20,9,SIT_TO_LIE,Transition,7322,7602,280,5.6,7.189099,-0.274439,False
42,21,9,SIT_TO_LIE,Transition,9013,9214,201,4.02,8.204719,0.352757,False
43,21,9,SIT_TO_LIE,Transition,8389,8600,211,4.22,8.815922,0.730206,False
44,22,9,SIT_TO_LIE,Transition,6897,7032,135,2.7,7.454664,-0.110439,False
45,22,9,SIT_TO_LIE,Transition,7135,7293,158,3.16,7.66023,0.016508,False
46,23,9,SIT_TO_LIE,Transition,7993,8205,212,4.24,6.422978,-0.747558,False
47,23,9,SIT_TO_LIE,Transition,7341,7559,218,4.36,6.259486,-0.848522,False
48,24,9,SIT_TO_LIE,Transition,7574,7807,233,4.66,6.095598,-0.949731,False
49,24,9,SIT_TO_LIE,Transition,7382,7587,205,4.1,7.008987,-0.385668,False
50,25,9,SIT_TO_LIE,Transition,7528,7726,198,3.96,8.24695,0.378837,False
51,25,9,SIT_TO_LIE,Transition,7327,7507,180,3.6,7.346335,-0.177338,False
52,26,9,SIT_TO_LIE,Transition,7999,8183,184,3.68,6.61892,-0.626554,False
53,26,9,SIT_TO_LIE,Transition,7381,7593,212,4.24,6.481618,-0.711345,False
54,27,9,SIT_TO_LIE,Transition,7524,7750,226,4.52,6.767319,-0.53491,False
55,27,9,SIT_TO_LIE,Transition,8118,8342,224,4.48,7.272467,-0.222956,False
56,28,9,SIT_TO_LIE,Transition,9141,9366,225,4.5,6.827861,-0.497522,False
57,28,9,SIT_TO_LIE,Transition,8106,8306,200,4.0,7.439536,-0.119782,False
58,29,9,SIT_TO_LIE,Transition,6718,7043,325,6.5,8.480687,0.523181,False
59,29,9,SIT_TO_LIE,Transition,6918,7118,200,4.0,6.351634,-0.791616,False
60,30,9,SIT_TO_LIE,Transition,10030,10212,182,3.64,9.709821,1.282233,False
61,30,9,SIT_TO_LIE,Transition,7166,7457,291,5.82,7.826254,0.119036,False
1,1,10,LIE_TO_SIT,Transition,4539,4735,196,3.92,7.22354,-0.338223,False
2,1,10,LIE_TO_SIT,Transition,4436,4619,183,3.66,6.029277,-1.202435,False
3,2,10,LIE_TO_SIT,Transition,5140,5417,277,5.54,7.216554,-0.343279,False
4,2,10,LIE_TO_SIT,Transition,4349,4490,141,2.82,6.929465,-0.551026,False
5,3,10,LIE_TO_SIT,Transition,4851,5074,223,4.46,7.343147,-0.251672,False
6,3,10,LIE_TO_SIT,Transition,5212,5408,196,3.92,7.603892,-0.062987,False
7,4,10,LIE_TO_SIT,Transition,4817,5031,214,4.28,6.596452,-0.792007,False
8,4,10,LIE_TO_SIT,Transition,4575,4784,209,4.18,9.217758,1.104864,False
9,5,10,LIE_TO_SIT,Transition,4600,4855,255,5.1,7.239182,-0.326904,False
10,5,10,LIE_TO_SIT,Transition,4464,4666,202,4.04,7.163931,-0.381359,False
11,6,10,LIE_TO_SIT,Transition,4908,5080,172,3.44,8.09858,0.294987,False
12,6,10,LIE_TO_SIT,Transition,4502,4666,164,3.28,7.25359,-0.316478,False
13,7,10,LIE_TO_SIT,Transition,4747,4892,145,2.9,7.993894,0.219232,False
14,7,10,LIE_TO_SIT,Transition,4514,4636,122,2.44,8.278856,0.425441,False
15,8,10,LIE_TO_SIT,Transition,3942,4101,159,3.18,7.103608,-0.42501,False
16,8,10,LIE_TO_SIT,Transition,4596,4731,135,2.7,7.602977,-0.063649,False
16,8,10,LIE_TO_SIT,Transition,6919,7083,164,3.28,6.630671,-0.767245,False
17,9,10,LIE_TO_SIT,Transition,4284,4460,176,3.52,9.090933,1.013089,False
18,9,10,LIE_TO_SIT,Transition,4703,4830,127,2.54,11.005998,2.398898,True
19,10,10,LIE_TO_SIT,Transition,4656,4824,168,3.36,11.85687,3.014619,True
20,10,10,LIE_TO_SIT,Transition,4505,4618,113,2.26,12.963035,3.81508,True
22,11,10,LIE_TO_SIT,Transition,4556,4734,178,3.56,7.044957,-0.467453,False
23,11,10,LIE_TO_SIT,Transition,5298,5519,221,4.42,7.836188,0.10511,False
24,12,10,LIE_TO_SIT,Transition,5083,5260,177,3.54,6.014431,-1.213178,False
25,12,10,LIE_TO_SIT,Transition,5088,5266,178,3.56,7.40988,-0.203381,False
26,13,10,LIE_TO_SIT,Transition,4867,5056,189,3.78,7.126512,-0.408437,False
27,13,10,LIE_TO_SIT,Transition,4973,5165,192,3.84,6.471,-0.882788,False
28,14,10,LIE_TO_SIT,Transition,4852,5077,225,4.5,7.140988,-0.397961,False
29,14,10,LIE_TO_SIT,Transition,4873,5019,146,2.92,8.628234,0.678263,False
30,15,10,LIE_TO_SIT,Transition,4490,4655,165,3.3,7.01014,-0.492647,False
31,15,10,LIE_TO_SIT,Transition,4930,5098,168,3.36,8.643835,0.689553,False
32,16,10,LIE_TO_SIT,Transition,5718,5901,183,3.66,7.579474,-0.080657,False
33,16,10,LIE_TO_SIT,Transition,6670,6852,182,3.64,9.45115,1.273755,False
34,17,10,LIE_TO_SIT,Transition,6363,6573,210,4.2,7.375605,-0.228184,False
35,17,10,LIE_TO_SIT,Transition,5812,6082,270,5.4,7.373497,-0.229709,False
36,18,10,LIE_TO_SIT,Transition,6649,6893,244,4.88,7.295668,-0.286029,False
37,18,10,LIE_TO_SIT,Transition,6123,6287,164,3.28,6.436052,-0.908078,False
38,19,10,LIE_TO_SIT,Transition,7560,7756,196,3.92,9.218386,1.105318,False
39,19,10,LIE_TO_SIT,Transition,6097,6246,149,2.98,10.45229,1.998215,False
40,20,10,LIE_TO_SIT,Transition,6782,6937,155,3.1,7.531582,-0.115313,False
41,20,10,LIE_TO_SIT,Transition,5910,6101,191,3.82,6.138931,-1.123085,False
42,21,10,LIE_TO_SIT,Transition,7187,7390,203,4.06,8.283233,0.428608,False
43,21,10,LIE_TO_SIT,Transition,6813,7008,195,3.9,8.497542,0.58369,False
44,22,10,LIE_TO_SIT,Transition,5494,5678,184,3.68,7.134587,-0.402593,False
45,22,10,LIE_TO_SIT,Transition,5895,6055,160,3.2,7.806161,0.083382,False
45,22,10,LIE_TO_SIT,Transition,8360,8516,156,3.12,6.237998,-1.051396,False
46,23,10,LIE_TO_SIT,Transition,6471,6644,173,3.46,6.547713,-0.827276,False
47,23,10,LIE_TO_SIT,Transition,6042,6212,170,3.4,6.386378,-0.944024,False
48,24,10,LIE_TO_SIT,Transition,6269,6478,209,4.18,6.316177,-0.994823,False
49,24,10,LIE_TO_SIT,Transition,5828,6007,179,3.58,6.22339,-1.061968,False
50,25,10,LIE_TO_SIT,Transition,6025,6304,279,5.58,9.877358,1.582174,False
51,25,10,LIE_TO_SIT,Transition,5982,6196,214,4.28,8.50899,0.591974,False
52,26,10,LIE_TO_SIT,Transition,6224,6385,161,3.22,6.5122,-0.852974,False
53,26,10,LIE_TO_SIT,Transition,5964,6137,173,3.46,8.022538,0.23996,False
54,27,10,LIE_TO_SIT,Transition,6014,6167,153,3.06,7.226678,-0.335952,False
55,27,10,LIE_TO_SIT,Transition,6724,6872,148,2.96,7.176506,-0.372259,False
58,29,10,LIE_TO_SIT,Transition,5531,5767,236,4.72,7.991281,0.217342,False
59,29,10,LIE_TO_SIT,Transition,5644,5813,169,3.38,7.044663,-0.467666,False
60,30,10,LIE_TO_SIT,Transition,8558,8724,166,3.32,6.501556,-0.860677,False
61,30,10,LIE_TO_SIT,Transition,5658,5896,238,4.76,6.54012,-0.83277,False
1,1,11,STAND_TO_LIE,Transition,3375,3662,287,5.74,7.265234,-0.452284,False
2,1,11,STAND_TO_LIE,Transition,3305,3572,267,5.34,6.571332,-1.057896,False
3,2,11,STAND_TO_LIE,Transition,3905,4322,417,8.34,7.523082,-0.227243,False
4,2,11,STAND_TO_LIE,Transition,3338,3542,204,4.08,6.937173,-0.738603,False
5,3,11,STAND_TO_LIE,Transition,3619,3834,215,4.3,6.916779,-0.756402,False
6,3,11,STAND_TO_LIE,Transition,3874,4108,234,4.68,7.089128,-0.605983,False
7,4,11,STAND_TO_LIE,Transition,3417,3748,331,6.62,7.435522,-0.303663,False
8,4,11,STAND_TO_LIE,Transition,3439,3757,318,6.36,7.43001,-0.308473,False
9,5,11,STAND_TO_LIE,Transition,3315,3660,345,6.9,6.842527,-0.821207,False
10,5,11,STAND_TO_LIE,Transition,3284,3598,314,6.28,6.60051,-1.032431,False
11,6,11,STAND_TO_LIE,Transition,3667,3979,312,6.24,7.259172,-0.457575,False
12,6,11,STAND_TO_LIE,Transition,3264,3543,279,5.58,8.50383,0.628717,False
13,7,11,STAND_TO_LIE,Transition,3631,3836,205,4.1,8.820823,0.905377,False
14,7,11,STAND_TO_LIE,Transition,3424,3623,199,3.98,6.343714,-1.256553,False
15,8,11,STAND_TO_LIE,Transition,2805,3015,210,4.2,6.520184,-1.102536,False
16,8,11,STAND_TO_LIE,Transition,3485,3680,195,3.9,9.176498,1.215797,False
17,9,11,STAND_TO_LIE,Transition,3235,3422,187,3.74,8.52541,0.647552,False
18,9,11,STAND_TO_LIE,Transition,3523,3781,258,5.16,9.370106,1.384771,False
19,10,11,STAND_TO_LIE,Transition,3354,3582,228,4.56,7.519213,-0.23062,False
20,10,11,STAND_TO_LIE,Transition,3545,3697,152,3.04,11.553827,3.290643,True
22,11,11,STAND_TO_LIE,Transition,3361,3553,192,3.84,8.384742,0.524782,False
23,11,11,STAND_TO_LIE,Transition,3994,4180,186,3.72,7.969856,0.162684,False
24,12,11,STAND_TO_LIE,Transition,3900,4104,204,4.08,6.666198,-0.975101,False
25,12,11,STAND_TO_LIE,Transition,3636,3802,166,3.32,9.011813,1.072066,False
26,13,11,STAND_TO_LIE,Transition,3729,3923,194,3.88,7.511922,-0.236983,False
27,13,11,STAND_TO_LIE,Transition,3789,3979,190,3.8,7.802654,0.016757,False
28,14,11,STAND_TO_LIE,Transition,3655,3996,341,6.82,7.911098,0.111403,False
29,14,11,STAND_TO_LIE,Transition,3812,4075,263,5.26,8.424937,0.559863,False
30,15,11,STAND_TO_LIE,Transition,3370,3563,193,3.86,6.243242,-1.34424,False
31,15,11,STAND_TO_LIE,Transition,3490,3752,262,5.24,8.721062,0.818309,False
32,16,11,STAND_TO_LIE,Transition,4296,4530,234,4.68,7.787869,0.003853,False
33,16,11,STAND_TO_LIE,Transition,5146,5337,191,3.82,9.88924,1.837853,False
34,17,11,STAND_TO_LIE,Transition,5074,5311,237,4.74,8.164668,0.332709,False
35,17,11,STAND_TO_LIE,Transition,4410,4745,335,6.7,7.346592,-0.381277,False
36,18,11,STAND_TO_LIE,Transition,5184,5480,296,5.92,6.538984,-1.086128,False
37,18,11,STAND_TO_LIE,Transition,4684,4927,243,4.86,6.721702,-0.926658,False
38,19,11,STAND_TO_LIE,Transition,5873,6128,255,5.1,7.870969,0.076379,False
39,19,11,STAND_TO_LIE,Transition,4207,4526,319,6.38,7.847469,0.055869,False
40,20,11,STAND_TO_LIE,Transition,5145,5569,424,8.48,7.286008,-0.434152,False
41,20,11,STAND_TO_LIE,Transition,4294,4658,364,7.28,7.120728,-0.578403,False
42,21,11,STAND_TO_LIE,Transition,5565,5877,312,6.24,7.266241,-0.451405,False
43,21,11,STAND_TO_LIE,Transition,4934,5207,273,5.46,7.152975,-0.550259,False
44,22,11,STAND_TO_LIE,Transition,4247,4419,172,3.44,9.699108,1.671912,False
45,22,11,STAND_TO_LIE,Transition,4382,4520,138,2.76,10.546266,2.411281,True
46,23,11,STAND_TO_LIE,Transition,5180,5432,252,5.04,7.325977,-0.399269,False
47,23,11,STAND_TO_LIE,Transition,4224,4483,259,5.18,6.419654,-1.190275,False
48,24,11,STAND_TO_LIE,Transition,4514,5007,493,9.86,8.669372,0.773196,False
49,24,11,STAND_TO_LIE,Transition,4358,4605,247,4.94,6.114631,-1.456487,False
50,25,11,STAND_TO_LIE,Transition,4463,4647,184,3.68,6.902202,-0.769124,False
51,25,11,STAND_TO_LIE,Transition,4288,4528,240,4.8,7.24796,-0.467359,False
52,26,11,STAND_TO_LIE,Transition,4840,5017,177,3.54,7.472553,-0.271343,False
53,26,11,STAND_TO_LIE,Transition,4480,4646,166,3.32,7.487517,-0.258283,False
54,27,11,STAND_TO_LIE,Transition,4564,4779,215,4.3,8.419921,0.555485,False
55,27,11,STAND_TO_LIE,Transition,4907,5071,164,3.28,7.511008,-0.237781,False
58,29,11,STAND_TO_LIE,Transition,4055,4288,233,4.66,7.093665,-0.602023,False
59,29,11,STAND_TO_LIE,Transition,4397,4583,186,3.72,6.822559,-0.838634,False
60,30,11,STAND_TO_LIE,Transition,7132,7287,155,3.1,9.850622,1.804148,False
61,30,11,STAND_TO_LIE,Transition,4198,4446,248,4.96,10.01229,1.945245,False
1,1,12,LIE_TO_STAND,Transition,6787,6977,190,3.8,9.737096,1.4515,False
2,1,12,LIE_TO_STAND,Transition,6468,6709,241,4.82,7.011192,-0.491487,False
3,2,12,LIE_TO_STAND,Transition,7368,7548,180,3.6,6.029852,-1.190972,False
4,2,12,LIE_TO_STAND,Transition,6418,6598,180,3.6,6.542502,-0.825563,False
5,3,12,LIE_TO_STAND,Transition,7379,7562,183,3.66,7.518104,-0.130167,False
6,3,12,LIE_TO_STAND,Transition,7721,7887,166,3.32,7.076591,-0.444871,False
7,4,12,LIE_TO_STAND,Transition,7110,7275,165,3.3,7.229448,-0.335917,False
8,4,12,LIE_TO_STAND,Transition,6682,6852,170,3.4,8.034138,0.237655,False
9,5,12,LIE_TO_STAND,Transition,6877,7049,172,3.44,7.36596,-0.238613,False
10,5,12,LIE_TO_STAND,Transition,6565,6706,141,2.82,8.621762,0.656506,False
11,6,12,LIE_TO_STAND,Transition,7336,7521,185,3.7,6.936748,-0.544549,False
12,6,12,LIE_TO_STAND,Transition,6945,7198,253,5.06,7.756892,0.040038,False
13,7,12,LIE_TO_STAND,Transition,6999,7204,205,4.1,11.138656,2.450513,True
14,7,12,LIE_TO_STAND,Transition,6407,6576,169,3.38,9.090824,0.990847,False
15,8,12,LIE_TO_STAND,Transition,6150,6322,172,3.44,7.066629,-0.451972,False
17,9,12,LIE_TO_STAND,Transition,6683,6850,167,3.34,9.343159,1.170708,False
18,9,12,LIE_TO_STAND,Transition,7112,7260,148,2.96,10.886675,2.270905,True
19,10,12,LIE_TO_STAND,Transition,6920,7037,117,2.34,12.288573,3.270158,True
20,10,12,LIE_TO_STAND,Transition,7008,7144,136,2.72,12.43154,3.372063,True
22,11,12,LIE_TO_STAND,Transition,6866,7004,138,2.76,7.382748,-0.226647,False
23,11,12,LIE_TO_STAND,Transition,7475,7670,195,3.9,7.583322,-0.08368,False
24,12,12,LIE_TO_STAND,Transition,7548,7754,206,4.12,6.085308,-1.151444,False
25,12,12,LIE_TO_STAND,Transition,7688,7875,187,3.74,7.258401,-0.31528,False
26,13,12,LIE_TO_STAND,Transition,7365,7623,258,5.16,7.946191,0.174968,False
27,13,12,LIE_TO_STAND,Transition,7499,7695,196,3.92,7.120389,-0.413652,False
28,14,12,LIE_TO_STAND,Transition,7120,7408,288,5.76,8.300971,0.42785,False
29,14,12,LIE_TO_STAND,Transition,7221,7417,196,3.92,8.13388,0.30875,False
30,15,12,LIE_TO_STAND,Transition,7516,7716,200,4.0,6.472914,-0.875164,False
31,15,12,LIE_TO_STAND,Transition,7986,8144,158,3.16,7.16489,-0.381933,False
32,16,12,LIE_TO_STAND,Transition,8356,8501,145,2.9,7.388102,-0.22283,False
33,16,12,LIE_TO_STAND,Transition,9261,9416,155,3.1,9.55374,1.320806,False
34,17,12,LIE_TO_STAND,Transition,9589,9788,199,3.98,6.746392,-0.680232,False
35,17,12,LIE_TO_STAND,Transition,8876,9113,237,4.74,6.681178,-0.726716,False
36,18,12,LIE_TO_STAND,Transition,9678,9883,205,4.1,7.101961,-0.426787,False
37,18,12,LIE_TO_STAND,Transition,8788,8979,191,3.82,6.725304,-0.695264,False
38,19,12,LIE_TO_STAND,Transition,10639,10799,160,3.2,7.873284,0.123001,False
39,19,12,LIE_TO_STAND,Transition,9195,9334,139,2.78,6.95641,-0.530535,False
40,20,12,LIE_TO_STAND,Transition,9352,9523,171,3.42,7.050205,-0.463678,False
41,20,12,LIE_TO_STAND,Transition,8976,9133,157,3.14,7.328614,-0.265232,False
42,21,12,LIE_TO_STAND,Transition,10910,11115,205,4.1,7.974069,0.194839,False
43,21,12,LIE_TO_STAND,Transition,10113,10308,195,3.9,9.406693,1.215994,False
44,22,12,LIE_TO_STAND,Transition,8518,8774,256,5.12,6.443927,-0.895826,False
46,23,12,LIE_TO_STAND,Transition,9463,9638,175,3.5,7.684127,-0.011828,False
47,23,12,LIE_TO_STAND,Transition,8661,8821,160,3.2,7.004991,-0.495906,False
48,24,12,LIE_TO_STAND,Transition,9089,9410,321,6.42,7.569524,-0.093515,False
49,24,12,LIE_TO_STAND,Transition,8839,9034,195,3.9,6.647261,-0.750892,False
50,25,12,LIE_TO_STAND,Transition,8785,9107,322,6.44,8.842731,0.814009,False
51,25,12,LIE_TO_STAND,Transition,8836,9022,186,3.72,7.778011,0.055092,False
52,26,12,LIE_TO_STAND,Transition,9361,9604,243,4.86,6.715807,-0.702033,False
53,26,12,LIE_TO_STAND,Transition,9135,9317,182,3.64,6.3891,-0.934906,False
54,27,12,LIE_TO_STAND,Transition,9066,9190,124,2.48,7.466505,-0.166946,False
55,27,12,LIE_TO_STAND,Transition,9394,9546,152,3.04,6.215608,-1.058568,False
56,28,12,LIE_TO_STAND,Transition,10979,11159,180,3.6,6.424243,-0.909856,False
57,28,12,LIE_TO_STAND,Transition,9574,9740,166,3.32,6.605019,-0.781001,False
58,29,12,LIE_TO_STAND,Transition,8527,8705,178,3.56,6.865083,-0.595631,False
59,29,12,LIE_TO_STAND,Transition,8134,8278,144,2.88,7.034064,-0.475184,False
60,30,12,LIE_TO_STAND,Transition,11762,11920,158,3.16,6.222534,-1.053631,False
61,30,12,LIE_TO_STAND,Transition,8525,8671,146,2.92,8.391963,0.492708,False
